"ID","pred"
8010,0.226734663885716
8011,0.289372555671323
8012,0.261864198024978
8013,0.40325222093167
8014,0.212447245812313
8015,0.467212275592581
8016,0.238114083277014
8017,0.20240692697007
8018,0.268035222357685
8019,0.496380448733287
8020,0.14172950315299
8021,0.215028863983791
8022,0.405432088673437
8023,0.30545506568071
8024,0.284141530909581
8025,0.458680445743667
8026,0.262569709038551
8027,0.311269879735486
8028,0.197433934768627
8029,0.442534782881746
8030,0.404546315760989
8031,0.380476481079108
8032,0.342380058074636
8033,0.451718850257847
8034,0.311086016825688
8035,0.31350729545335
8036,0.270539652156723
8037,0.531765076763158
8038,0.362929025081324
8039,0.433684209017626
8040,0.413585242184379
8041,0.340990603496335
8042,0.339195498424536
8043,0.484626633607139
8044,0.502063071964101
8045,0.475135618949036
8046,0.567911591715336
8047,0.287143755779728
8048,0.198470225994696
8049,0.305157481088413
8050,0.440511643999473
8051,0.632784462324146
8052,0.213772875358931
8053,0.21978191321797
8054,0.175408995401488
8055,0.558152513709096
8056,0.558255750639739
8057,0.592081809287049
8058,0.645074234027229
8059,0.419511329904599
8060,0.562053375279086
8061,0.621102798769802
8062,0.596355896169088
8063,0.637046624245263
8064,0.704660446593723
8065,0.599478628486091
8066,0.548963337297283
8067,0.635851847313381
8068,0.637430916248236
8069,0.621769397353897
8070,0.610057838568858
8071,0.610872079920136
8072,0.587990343412888
8073,0.612225046446135
8074,0.691029837705792
8075,0.598000226015413
8076,0.634974877932973
8077,0.654668640078231
8078,0.568045252899812
8079,0.451770564986165
8080,0.584980790359405
8081,0.616421361384577
8082,0.47562871699707
8083,0.638832094103245
8084,0.538096325821676
8085,0.578896928772512
8086,0.640511652038725
8087,0.569781798533976
8088,0.57330895226868
8089,0.591205939451076
8090,0.532146374960726
8091,0.56472058727044
8092,0.606242996624044
8093,0.608086236561913
8094,0.52131777355574
8095,0.472885531530231
8096,0.578233121784926
8097,0.603506764126438
8098,0.619163353428238
8099,0.580708494903192
8100,0.510136229772722
8101,0.611019743684402
8102,0.668138657598821
8103,0.560410939820239
8104,0.609172644113326
8105,0.651244219465522
8106,0.564827982331917
8107,0.518877012241186
8108,0.532224568795422
8109,0.571900812858396
8110,0.60166907757777
8111,0.615320678280002
8112,0.577320900468728
8113,0.491309583825144
8114,0.630841035340348
8115,0.567627896102373
8116,0.584201824038976
8117,0.283025983280092
8118,0.680384175958609
8119,0.460567504901745
8120,0.620845230713405
8121,0.676024337729801
8122,0.640532893573771
8123,0.485024523776464
8124,0.566718648563104
8125,0.556192988396166
8126,0.583337888216034
8127,0.619804890901821
8128,0.461715069323447
8129,0.526132452255698
8130,0.590863690003559
8131,0.483925236427545
8132,0.381028776527895
8133,0.533197549571982
8134,0.375702587260451
8135,0.401788507311194
8136,0.510815448385056
8137,0.581337286781162
8138,0.372050063704783
8139,0.546182761015089
8140,0.63041098392583
8141,0.672097543824124
8142,0.490232263173863
8143,0.561928617665109
8144,0.541382523512239
8145,0.490334432245021
8146,0.511431729219029
8147,0.517276907546709
8148,0.55356806899396
8149,0.553131507039555
8150,0.522701845409713
8151,0.586942703226642
8152,0.594720351439201
8153,0.416583383324811
8154,0.329412394877194
8155,0.609444616296549
8156,0.605635251638732
8157,0.582376384694665
8158,0.586209111817004
8159,0.619888700504255
8160,0.637580094884987
8161,0.555502861464126
8162,0.476986716895972
8163,0.417747033646973
8164,0.628357088669318
8165,0.662067971800543
8166,0.456247645552145
8167,0.589118659577146
8168,0.550130142480856
8169,0.476984427178943
8170,0.523301957021257
8171,0.610396597245434
8172,0.576621260214725
8173,0.609865555169305
8174,0.584431569442264
8175,0.499809113221613
8176,0.558745421675291
8177,0.367262928183456
8178,0.578039773580426
8179,0.455702327159834
8180,0.479637916530779
8181,0.555737276430798
8182,0.488211656280956
8183,0.51691391579304
8184,0.470227101790442
8185,0.496174659602673
8186,0.609957472295322
8187,0.568782014235168
8188,0.617325794123124
8189,0.41872294483703
8190,0.629645097856869
8191,0.562651401919494
8192,0.457175958171868
8193,0.48709630308607
8194,0.667465868637459
8195,0.600116299043878
8196,0.584086190437875
8197,0.551482718362403
8198,0.523427434079241
8199,0.637613740148945
8200,0.59644980093376
8201,0.599196154908702
8202,0.600210034677963
8203,0.621872286537736
8204,0.610710520823928
8205,0.679487826881954
8206,0.659822590679874
8207,0.559836363971502
8208,0.590516683356946
8209,0.572081957172618
8210,0.547700259422149
8211,0.597457939903989
8212,0.574379629796883
8213,0.581514871974288
8214,0.546250286600606
8215,0.562541809838097
8216,0.634438860842366
8217,0.450643997817372
8218,0.534786075299098
8219,0.63326034120976
8220,0.497552801204766
8221,0.515764282303557
8222,0.432043903405794
8223,0.601486826114132
8224,0.64577311302684
8225,0.608102616902006
8226,0.568574972469539
8227,0.592416090658736
8228,0.568737717810599
8229,0.569987049598796
8230,0.600939377075891
8231,0.609230245327308
8232,0.543207998603161
8233,0.490154610874327
8234,0.566172402025555
8235,0.632154996713797
8236,0.651892448878405
8237,0.560352916168374
8238,0.526184814714568
8239,0.546937432724613
8240,0.539172969356431
8241,0.69298664261992
8242,0.478386764611962
8243,0.407684823512445
8244,0.511659183261532
8245,0.638108033990738
8246,0.548018109735158
8247,0.519980127933484
8248,0.704872773517154
8249,0.49716972683578
8250,0.602656570825903
8251,0.575231684003562
8252,0.445858569022939
8253,0.575798991787124
8254,0.560541685501358
8255,0.530494612213065
8256,0.28959586127216
8257,0.282397953831086
8258,0.158642108721797
8259,0.44518624371411
8260,0.411373537243436
8261,0.236104438392631
8262,0.34793340295733
8263,0.42453304978889
8264,0.452275889281476
8265,0.547578044073598
8266,0.252858740893631
8267,0.216107757206047
8268,0.259538731256549
8269,0.214157918265177
8270,0.143884881760904
8271,0.345632599797738
8272,0.224828059547467
8273,0.223593088502547
8274,0.274508322041766
8275,0.615177186768174
8276,0.366484598015865
8277,0.547919265564883
8278,0.631066365567218
8279,0.622130501248485
8280,0.542076071040014
8281,0.341081541584319
8282,0.379776389474958
8283,0.562115148580547
8284,0.597404898617106
8285,0.419842498325003
8286,0.583713782270965
8287,0.377453780584181
8288,0.284454003289649
8289,0.502666017361804
8290,0.576192203062215
8291,0.572252525080992
8292,0.529302643172182
8293,0.459013437722492
8294,0.447224695939435
8295,0.612311867279425
8296,0.586804753289728
8297,0.524007466059034
8298,0.635407561999077
8299,0.484919539598626
8300,0.607547502380885
8301,0.517590862850413
8302,0.438560629432662
8303,0.406270949808639
8304,0.572164887731177
8305,0.583911692230479
8306,0.261666061912755
8307,0.366181621379517
8308,0.344597789138132
8309,0.474603098273749
8310,0.237657185811268
8311,0.282016471092047
8312,0.383902602124709
8313,0.512442844256005
8314,0.17661173039517
8315,0.415912200101299
8316,0.246947083964818
8317,0.155692740356659
8318,0.265124434028325
8319,0.407468522865377
8320,0.247680965004755
8321,0.209704701754902
8322,0.2051782117534
8323,0.120883408656153
8324,0.44020499834682
8325,0.326025791160345
8326,0.216773931312293
8327,0.316604660994961
8328,0.215499279650897
8329,0.384716777136047
8330,0.369864374974473
8331,0.684357434876897
8332,0.495350556472197
8333,0.642492704087068
8334,0.500038254230548
8335,0.58122820624899
8336,0.595011671224696
8337,0.655394523722229
8338,0.651255735851615
8339,0.53504453170428
8340,0.696868578805696
8341,0.689601010932326
8342,0.636016194615155
8343,0.713479976111782
8344,0.592100789089645
8345,0.731525379245331
8346,0.643642997975764
8347,0.650434883170569
8348,0.614486938786561
8349,0.800048632017861
8350,0.601820214522525
8351,0.700693158199883
8352,0.597380238943158
8353,0.362508694614151
8354,0.599601519563515
8355,0.564512690327138
8356,0.56342036867373
8357,0.498066916013587
8358,0.507845870704219
8359,0.384347675554597
8360,0.465977684030847
8361,0.621213567378694
8362,0.449168040220187
8363,0.614210989625612
8364,0.50760525441653
8365,0.532572293467007
8366,0.589040308360249
8367,0.551768059532245
8368,0.584339146332056
8369,0.631145086066225
8370,0.612880279340454
8371,0.585043071648809
8372,0.372005437864645
8373,0.618784624772449
8374,0.594965885441623
8375,0.704048829817442
8376,0.54020600279492
8377,0.416982357615315
8378,0.541329925731527
8379,0.353919313449819
8380,0.642227124920499
8381,0.491392555730817
8382,0.606399072974226
8383,0.577162092442111
8384,0.475449421925017
8385,0.544500758318162
8386,0.454471299620696
8387,0.556507330169769
8388,0.457269971495274
8389,0.596398932205285
8390,0.594343720043853
8391,0.628886188398538
8392,0.57967440857269
8393,0.386610872675031
8394,0.35584500745247
8395,0.477176858154234
8396,0.518358251694127
8397,0.556442761169782
8398,0.667895804151272
8399,0.427108122688993
8400,0.590102641481599
8401,0.557987132198419
8402,0.597905497437429
8403,0.574263844624917
8404,0.551804361499347
8405,0.708794867760043
8406,0.524092891085516
8407,0.650587233789659
8408,0.27490097290644
8409,0.613653991060737
8410,0.634285758640715
8411,0.506095084465637
8412,0.631835211958429
8413,0.448632693095121
8414,0.421342577976996
8415,0.530577842123444
8416,0.56540898913328
8417,0.634253588554735
8418,0.662636112730228
8419,0.528127809612677
8420,0.570585021077887
8421,0.436801365705753
8422,0.562884555823671
8423,0.527740668087772
8424,0.516862723151422
8425,0.567572522633422
8426,0.586706409304207
8427,0.544298456067049
8428,0.591140037285894
8429,0.622169270152029
8430,0.580124907938299
8431,0.618523660695294
8432,0.597821973326
8433,0.574169841929948
8434,0.604848856665522
8435,0.596989662978359
8436,0.541778923504906
8437,0.615096385345775
8438,0.441331320380625
8439,0.299841039046183
8440,0.596318013360169
8441,0.55600059230331
8442,0.677795000997697
8443,0.435855411316229
8444,0.507299706183349
8445,0.307453505683108
8446,0.575902128442191
8447,0.625794564557373
8448,0.618760017939234
8449,0.501298247145942
8450,0.275028703455124
8451,0.539336746327685
8452,0.53155017496628
8453,0.594581298035712
8454,0.435978758966708
8455,0.645536248452793
8456,0.323534489103438
8457,0.641431371201626
8458,0.612249539150492
8459,0.497528587076231
8460,0.610950225652904
8461,0.51098584098394
8462,0.556859375950459
8463,0.450976867896255
8464,0.630666862180897
8465,0.529758652153883
8466,0.472278317205045
8467,0.554924984206927
8468,0.510195188069308
8469,0.630188805674399
8470,0.571914362089431
8471,0.623410966767046
8472,0.528949929695012
8473,0.586585838559829
8474,0.602184240011571
8475,0.623510639237994
8476,0.616012378666317
8477,0.593034204499553
8478,0.589320954489303
8479,0.6457438691637
8480,0.652481806470521
8481,0.549797082327932
8482,0.634035332559662
8483,0.459483923165287
8484,0.615941430235517
8485,0.440644647699573
8486,0.608070697513503
8487,0.594691165456002
8488,0.624923359610502
8489,0.674536816805921
8490,0.49310708225366
8491,0.533654085080421
8492,0.667091615319526
8493,0.610395225153069
8494,0.650282582731815
8495,0.633298199299335
8496,0.57364774083329
8497,0.588957169616887
8498,0.575408026595441
8499,0.463457037050402
8500,0.515024265858454
8501,0.612876113045705
8502,0.518798262912132
8503,0.550603060928551
8504,0.662471104415127
8505,0.632331853871974
8506,0.545009273800186
8507,0.635877192185584
8508,0.535209221312825
8509,0.548900174536546
8510,0.514267691630896
8511,0.516117344824779
8512,0.520506584165334
8513,0.490408823112736
8514,0.446769978450488
8515,0.524256656533058
8516,0.519117875591822
8517,0.62079613459694
8518,0.49495808714638
8519,0.501986011527728
8520,0.60041790216594
8521,0.581554880102039
8522,0.540786678021153
8523,0.534902904843781
8524,0.635615584594116
8525,0.574623906610106
8526,0.566625243013733
8527,0.639907935729749
8528,0.374170580166136
8529,0.482335050890358
8530,0.422748163319783
8531,0.547332425197801
8532,0.466658474806833
8533,0.536630117784904
8534,0.362727340877923
8535,0.540094147444649
8536,0.638715529353224
8537,0.528161996330192
8538,0.675035788238345
8539,0.484181309663071
8540,0.319580409634412
8541,0.726437200338103
8542,0.703898207081728
8543,0.390454972479177
8544,0.510800461389334
8545,0.546755600820499
8546,0.563776029727733
8547,0.525027338498135
8548,0.591125756009142
8549,0.418831409970332
8550,0.134941190112518
8551,0.363783313699435
8552,0.250625449995577
8553,0.356934215989653
8554,0.248306874262764
8555,0.198863355099192
8556,0.137826251697128
8557,0.213130955550694
8558,0.323096060278429
8559,0.596428055750995
8560,0.378348944567356
8561,0.30158347398125
8562,0.440992914133404
8563,0.309668356752498
8564,0.567242335210885
8565,0.543855228280404
8566,0.579318751442339
8567,0.379194677016924
8568,0.58648302078559
8569,0.571984212324989
8570,0.466560042133764
8571,0.514610766706287
8572,0.511510482397917
8573,0.46984731610023
8574,0.476785792355813
8575,0.579787576402081
8576,0.553596405836397
8577,0.569082606787329
8578,0.422845027375513
8579,0.34788706496433
8580,0.56444775618866
8581,0.4486062067063
8582,0.383201964674877
8583,0.376563431427933
8584,0.623194563414254
8585,0.607619645299825
8586,0.430625332825905
8587,0.67637722211137
8588,0.318447499724245
8589,0.546511665723386
8590,0.671198410939037
8591,0.583756864701379
8592,0.524183998166071
8593,0.565613400391894
8594,0.560805695983001
8595,0.55447213468398
8596,0.570460772746351
8597,0.448760594051014
8598,0.406977106852657
8599,0.221805393001979
8600,0.47065904226431
8601,0.273023091529516
8602,0.304087098635696
8603,0.187667990870439
8604,0.154804321110498
8605,0.59125848684659
8606,0.552654843009254
8607,0.572520306520046
8608,0.565594437287505
8609,0.676398446620239
8610,0.566290956144107
8611,0.546299183988404
8612,0.544697951088334
8613,0.662513320606677
8614,0.646519650555281
8615,0.619832835659673
8616,0.561493821381295
8617,0.530026719167826
8618,0.547525388110198
8619,0.511033292356688
8620,0.620814989237061
8621,0.594224370297763
8622,0.571201642465153
8623,0.659583789817664
8624,0.573424817086927
8625,0.693839182648957
8626,0.600225156554067
8627,0.521692777450196
8628,0.518106515598661
8629,0.474071401788876
8630,0.367524891690462
8631,0.65563326989001
8632,0.431496032067139
8633,0.582313690560899
8634,0.523943826353185
8635,0.322211655407155
8636,0.463925607433936
8637,0.543594297020497
8638,0.562752128839452
8639,0.361326328603041
8640,0.480070955999546
8641,0.536078268325362
8642,0.626992821228173
8643,0.634868719209361
8644,0.547491593795225
8645,0.604128600833347
8646,0.431786747956561
8647,0.590306843342021
8648,0.610011275491406
8649,0.382419997793367
8650,0.170669320328676
8651,0.331797616846274
8652,0.373027154624183
8653,0.346791671800389
8654,0.448731387882886
8655,0.215821483178168
8656,0.404346227188134
8657,0.126504676914084
8658,0.325282716706237
8659,0.491148865464783
8660,0.362095984227623
8661,0.524047838712112
8662,0.310603767420199
8663,0.152015302214586
8664,0.605915979962387
8665,0.574637408372674
8666,0.406138910819492
8667,0.357393013349533
8668,0.336555456064331
8669,0.619131867931039
8670,0.462778620277369
8671,0.63026843446804
8672,0.424912573937013
8673,0.540207044910624
8674,0.500273411657645
8675,0.459411460690994
8676,0.480954003530125
8677,0.566580541522522
8678,0.36845485068422
8679,0.546969116023042
8680,0.469380533792741
8681,0.658207884237689
8682,0.538987260610128
8683,0.501962069333116
8684,0.290045147661008
8685,0.542361206577619
8686,0.612957178832912
8687,0.648203096829466
8688,0.506531603332431
8689,0.547133256746106
8690,0.492966135510888
8691,0.476910102400891
8692,0.568263824321605
8693,0.47154775915138
8694,0.459552790464349
8695,0.5049347529751
8696,0.643098075282593
8697,0.336820818518445
8698,0.389981121693165
8699,0.304044798229789
8700,0.560871391704321
8701,0.589319743126603
8702,0.447836736338266
8703,0.491533081939475
8704,0.482686472302823
8705,0.469431823533716
8706,0.63070663653439
8707,0.40505087280456
8708,0.417814632483386
8709,0.548172252852793
8710,0.558301222689367
8711,0.61849613012443
8712,0.328923642126496
8713,0.573790431647325
8714,0.535579965018484
8715,0.516934902074558
8716,0.600109132848091
8717,0.270067921762755
8718,0.522933936351735
8719,0.563290768343145
8720,0.403330540567946
8721,0.520797886469308
8722,0.453078965691172
8723,0.554504667002446
8724,0.338515659202509
8725,0.513894644535925
8726,0.628791090673114
8727,0.422228912589797
8728,0.60819233232329
8729,0.484942312536912
8730,0.368443115891157
8731,0.536896296722771
8732,0.408275827412919
8733,0.384203695650201
8734,0.548212065723361
8735,0.599130203145005
8736,0.542855040879569
8737,0.425276199304444
8738,0.42202003831596
8739,0.501131240185096
8740,0.577779531437214
8741,0.493523343271693
8742,0.526849505746486
8743,0.440477574688404
8744,0.552351658496333
8745,0.574158297956273
8746,0.62554703793339
8747,0.608585587829912
8748,0.471062115115233
8749,0.565450893634991
8750,0.515014252717876
8751,0.542942214899432
8752,0.554183403692891
8753,0.606903994653352
8754,0.650031554366258
8755,0.432841729168302
8756,0.559912987718811
8757,0.612061791441571
8758,0.508185576777121
8759,0.625112637034809
8760,0.597690770629429
8761,0.554892883127361
8762,0.605323472647596
8763,0.53230018313639
8764,0.609095118747436
8765,0.637773822840607
8766,0.517933495980551
8767,0.340666859573545
8768,0.473740778492558
8769,0.448719699719919
8770,0.602895720781769
8771,0.465553187095119
8772,0.439818524037945
8773,0.50900148506943
8774,0.540407908323782
8775,0.549396070104969
8776,0.558917667790846
8777,0.703880098141263
8778,0.479785543814711
8779,0.499289859614075
8780,0.54330709287096
8781,0.493575917706865
8782,0.563384271769692
8783,0.505705744416902
8784,0.439985332857274
8785,0.50160091731827
8786,0.617570553034725
8787,0.517770325554306
8788,0.571833439770755
8789,0.52060950141979
8790,0.498764462820591
8791,0.552489024671562
8792,0.514025118479713
8793,0.543391162949796
8794,0.486595253627713
8795,0.476686111083349
8796,0.566030679403964
8797,0.60658854940338
8798,0.613582283438967
8799,0.456166231800928
8800,0.573848841800948
8801,0.556089406304676
8802,0.552490941635687
8803,0.542478800899369
8804,0.489202463801142
8805,0.41113790999985
8806,0.56632841483681
8807,0.496513595232803
8808,0.410748593105202
8809,0.395440612349154
8810,0.650283444122953
8811,0.558191613681016
8812,0.547412716009474
8813,0.579373567773334
8814,0.512175823945605
8815,0.722860891563353
8816,0.36708078900474
8817,0.510444508833635
8818,0.430508199723864
8819,0.22853162189078
8820,0.197367836671606
8821,0.316809449716355
8822,0.431811900422408
8823,0.353479773943479
8824,0.420113520611158
8825,0.369938541421525
8826,0.423145554666966
8827,0.277589191507717
8828,0.289968435010748
8829,0.367321870771192
8830,0.348162807056548
8831,0.20516287725363
8832,0.192731635307895
8833,0.341299704421433
8834,0.230335540674946
8835,0.350379187192541
8836,0.268297250861376
8837,0.197839248545642
8838,0.122259213777376
8839,0.371326616252449
8840,0.3666646532358
8841,0.362056155447721
8842,0.422783396443422
8843,0.629111035246927
8844,0.542273423614508
8845,0.397775451016979
8846,0.500757876848559
8847,0.526394018603864
8848,0.516487543939871
8849,0.460080097285466
8850,0.625175002390858
8851,0.543053522526285
8852,0.366878789550822
8853,0.551978791071604
8854,0.551108936703706
8855,0.543823369326586
8856,0.407424282879004
8857,0.490086545856081
8858,0.278518377004555
8859,0.364110888708963
8860,0.371484512889685
8861,0.58194989497955
8862,0.215266846330773
8863,0.333644628512936
8864,0.385514891394077
8865,0.410720062985386
8866,0.429816783727178
8867,0.438761558563989
8868,0.263554129074748
8869,0.335967929510756
8870,0.325498173501588
8871,0.374122669025611
8872,0.240169063598442
8873,0.313031828216381
8874,0.42745007384357
8875,0.385162734801509
8876,0.213139614076777
8877,0.419248248249938
8878,0.205572306255989
8879,0.64881614441787
8880,0.606258159360524
8881,0.51111734744194
8882,0.62769754200211
8883,0.706333478712175
8884,0.705072273702123
8885,0.568540086444577
8886,0.559707503912073
8887,0.547074500594727
8888,0.528492614500791
8889,0.612951407798028
8890,0.671341885521368
8891,0.527653068283911
8892,0.53953220153813
8893,0.534613725798724
8894,0.54862402907519
8895,0.682806166494128
8896,0.547188559329504
8897,0.709195210587708
8898,0.522083064982498
8899,0.480990231205769
8900,0.633760527802904
8901,0.571665362930132
8902,0.493736165681806
8903,0.467292046012107
8904,0.392438636745985
8905,0.335940059760288
8906,0.417475049520993
8907,0.510999824941185
8908,0.545921407859021
8909,0.705773278728914
8910,0.52032789813923
8911,0.358580576710643
8912,0.293252076778261
8913,0.46954115057942
8914,0.637740440906007
8915,0.521307549467034
8916,0.336209088981669
8917,0.571911714808511
8918,0.433468328704471
8919,0.509762136681164
8920,0.56096547676041
8921,0.67023034909723
8922,0.500306770477123
8923,0.283506309796934
8924,0.202790330736854
8925,0.594435956500592
8926,0.345670350295079
8927,0.407035508925272
8928,0.365167253813856
8929,0.318388509689866
8930,0.305243708090849
8931,0.391534801565036
8932,0.248813208052099
8933,0.368986089804509
8934,0.279042487544603
8935,0.305869404894765
8936,0.182529818192993
8937,0.405110441842892
8938,0.281850496700988
8939,0.285550365688868
8940,0.491883557595539
8941,0.458657943636025
8942,0.407029764073299
8943,0.558560375034116
8944,0.495459388651016
8945,0.323084776922175
8946,0.561302820803533
8947,0.443629157010148
8948,0.359280204480557
8949,0.518772150369127
8950,0.540514204452433
8951,0.335556591966134
8952,0.321975443365164
8953,0.420519732207895
8954,0.643796115975496
8955,0.547749353062622
8956,0.611937711549062
8957,0.391492949249634
8958,0.434863687474223
8959,0.43205554381166
8960,0.560296921838636
8961,0.471241183474135
8962,0.312162186159556
8963,0.432277722294519
8964,0.426636042776065
8965,0.488896832058797
8966,0.479639809744494
8967,0.370017566719636
8968,0.577129879145791
8969,0.571538675664157
8970,0.542173804983002
8971,0.364595177672893
8972,0.427223274288626
8973,0.374564123139992
8974,0.595560423181449
8975,0.521701313774473
8976,0.40256232512005
8977,0.524187735759091
8978,0.484118942020767
8979,0.384501917408749
8980,0.550680428864194
8981,0.420301687495056
8982,0.401155502347451
8983,0.28904997919263
8984,0.267585555127614
8985,0.554446493076338
8986,0.490133105448046
8987,0.525892706920961
8988,0.457388275029252
8989,0.396513557565068
8990,0.416688718332756
8991,0.483286656195703
8992,0.447396026527994
8993,0.44292437806049
8994,0.443757036771972
8995,0.564647184968325
8996,0.368419807814266
8997,0.415099232999924
8998,0.517645083901096
8999,0.395547400907641
9000,0.580165661008744
9001,0.396832239706223
9002,0.455853871217398
9003,0.64038760072794
9004,0.514832354676218
9005,0.59733595882327
9006,0.357123818205635
9007,0.403108372317919
9008,0.350705435712525
9009,0.497435325942143
9010,0.50664145379045
9011,0.495094580332409
9012,0.399682571938701
9013,0.458251193525816
9014,0.489537885356193
9015,0.501735476080651
9016,0.596179102144549
9017,0.477179808159678
9018,0.530431273374971
9019,0.504579120982585
9020,0.505588327726783
9021,0.577077168795676
9022,0.563900510734454
9023,0.62764258715458
9024,0.441002946970835
9025,0.553021751972428
9026,0.514786106724759
9027,0.597280684638566
9028,0.6280259058474
9029,0.573242463892384
9030,0.426460697235913
9031,0.448853694912593
9032,0.539630353130757
9033,0.50279291429378
9034,0.591282265932432
9035,0.541171492811144
9036,0.417186793206711
9037,0.635933109217446
9038,0.447748512646078
9039,0.550145583629871
9040,0.524696817382044
9041,0.501604557794877
9042,0.506117846522665
9043,0.438881678677457
9044,0.267457694579432
9045,0.520209334465315
9046,0.58469889360034
9047,0.40910719643391
9048,0.502828269456032
9049,0.464298040747048
9050,0.481752053195473
9051,0.46733636852302
9052,0.604301677496077
9053,0.448002115076331
9054,0.468140863032152
9055,0.401493486132909
9056,0.520298038023204
9057,0.467744442039646
9058,0.52225395020118
9059,0.555556625091025
9060,0.542633231904697
9061,0.560310065110739
9062,0.603885688167616
9063,0.395786357149587
9064,0.418360004364256
9065,0.417041947452396
9066,0.463646950329996
9067,0.334163852556938
9068,0.51204308597746
9069,0.350452449558072
9070,0.569066230225501
9071,0.605124255905704
9072,0.548364501613508
9073,0.466452861061484
9074,0.530974539575316
9075,0.457225405608446
9076,0.508559537262132
9077,0.583014686310444
9078,0.48399229598737
9079,0.405513554756417
9080,0.664654497885068
9081,0.510925619349523
9082,0.578813626090985
9083,0.388145225333045
9084,0.331428571054482
9085,0.747187056988122
9086,0.400283962205066
9087,0.399422877747982
9088,0.538990984211092
9089,0.426802770140985
9090,0.439338042665764
9091,0.11119025556724
9092,0.33226197390567
9093,0.436454077501367
9094,0.168643987029934
9095,0.312201788175227
9096,0.348269293787103
9097,0.385551043214881
9098,0.385338054477717
9099,0.31887086095618
9100,0.164088736132652
9101,0.412313720454202
9102,0.281582020144517
9103,0.317078003848375
9104,0.238514281933044
9105,0.255392555465606
9106,0.229716543271177
9107,0.379373303821511
9108,0.489356059209612
9109,0.362767858980754
9110,0.332392001291433
9111,0.507682695095619
9112,0.552793009746396
9113,0.622122031180558
9114,0.365444200426553
9115,0.541943736499479
9116,0.401785381484675
9117,0.428453102802637
9118,0.519652470914825
9119,0.482858882106735
9120,0.525731310251834
9121,0.70178316264931
9122,0.421502520114917
9123,0.520548923738475
9124,0.420127369890472
9125,0.34553105095366
9126,0.701566484782518
9127,0.579039860056322
9128,0.268539510211741
9129,0.532873533941723
9130,0.586931190497231
9131,0.206960918640233
9132,0.217703625042857
9133,0.30633634138535
9134,0.456720658435055
9135,0.592375081671683
9136,0.213435898878108
9137,0.350599230460411
9138,0.351930335906232
9139,0.433516095909384
9140,0.188847966804824
9141,0.578143727280556
9142,0.256878326354775
9143,0.236861831519158
9144,0.355897753334728
9145,0.330908909383619
9146,0.230178807283722
9147,0.370978203986481
9148,0.343904924255371
9149,0.189649655234787
9150,0.122344555124107
9151,0.0788409024206183
9152,0.383286716771251
9153,0.725154076185348
9154,0.437290182748034
9155,0.608977318270173
9156,0.555548327798279
9157,0.5104098829202
9158,0.603818575440426
9159,0.707351652247384
9160,0.718442909209969
9161,0.585135547117299
9162,0.441748500323674
9163,0.566079135293981
9164,0.611057441366215
9165,0.663990054461507
9166,0.514775206020066
9167,0.645816039949981
9168,0.455544043123607
9169,0.590308770193238
9170,0.594180101334549
9171,0.669447264106746
9172,0.666245927850745
9173,0.735028075407305
9174,0.587732613534611
9175,0.539342999916024
9176,0.488626658540943
9177,0.566313826655613
9178,0.459540583549704
9179,0.547083734956596
9180,0.373010309252438
9181,0.357174057699285
9182,0.39031707740709
9183,0.576363059172779
9184,0.532238108276691
9185,0.437127054916855
9186,0.592262737082547
9187,0.424597734183217
9188,0.488069757812482
9189,0.529212300460556
9190,0.477456147319314
9191,0.465057361479011
9192,0.436114320069306
9193,0.505839020092055
9194,0.350825300594201
9195,0.577171167059552
9196,0.50544231208655
9197,0.20042656686703
9198,0.383122991336664
9199,0.374556979926684
9200,0.419430789889942
9201,0.481273673591046
9202,0.294487944098463
9203,0.50598947172144
9204,0.431143432692098
9205,0.572415087706198
9206,0.45372896108798
9207,0.515624321300135
9208,0.44409270898032
9209,0.470442935668651
9210,0.368786176071616
9211,0.475052858009813
9212,0.533442118934078
9213,0.481938845584549
9214,0.61230686458235
9215,0.49451504214749
9216,0.502206352275048
9217,0.335624058224991
9218,0.326169650097539
9219,0.52327167547622
9220,0.552800490030538
9221,0.39385259856645
9222,0.402359952632371
9223,0.571707771497922
9224,0.384167770567359
9225,0.521627005967228
9226,0.328195532963498
9227,0.526605883115372
9228,0.51059212823254
9229,0.42163026319671
9230,0.517685904388955
9231,0.265261567997525
9232,0.476104465815299
9233,0.481389338203418
9234,0.354573440209694
9235,0.448025660773341
9236,0.379016890022096
9237,0.311938608747292
9238,0.434013829393855
9239,0.39620079380875
9240,0.542689900882917
9241,0.380976786251283
9242,0.397444507379638
9243,0.458249219689335
9244,0.495373817010212
9245,0.57700658156016
9246,0.494655786672881
9247,0.335109136808372
9248,0.445807615623799
9249,0.509412461766821
9250,0.564201156423878
9251,0.524106376722164
9252,0.245040576412951
9253,0.455088163119785
9254,0.284228324716359
9255,0.494720326182695
9256,0.551820525583078
9257,0.368996144981407
9258,0.248895610957455
9259,0.451039562834403
9260,0.434257938493749
9261,0.43743158501221
9262,0.486486984278138
9263,0.542212510764585
9264,0.486419108199016
9265,0.397085862655365
9266,0.453735239579728
9267,0.500097944397628
9268,0.517137166468373
9269,0.498132604340749
9270,0.437420245315406
9271,0.606901544956015
9272,0.522183055425651
9273,0.584847026573935
9274,0.549526768195735
9275,0.457429373321118
9276,0.374857463209054
9277,0.52081929058581
9278,0.477477555122751
9279,0.371814315356489
9280,0.562769566118641
9281,0.449339034301661
9282,0.399025594864533
9283,0.570962536219422
9284,0.503048105919418
9285,0.298585258232207
9286,0.563439809964201
9287,0.460499451769607
9288,0.498822436258307
9289,0.496272539783612
9290,0.510912027586564
9291,0.575045769102309
9292,0.534261423450491
9293,0.587849389702961
9294,0.603958438089511
9295,0.54388018318796
9296,0.430113669666149
9297,0.470530737804775
9298,0.596067975338611
9299,0.630577680313896
9300,0.553574004267102
9301,0.552531147708647
9302,0.487394033052442
9303,0.588704239588591
9304,0.518442326584867
9305,0.491775591989626
9306,0.430208849524957
9307,0.540244184093581
9308,0.277593224857238
9309,0.484804959035843
9310,0.599884938529411
9311,0.524827739432737
9312,0.538332865406693
9313,0.46615391934156
9314,0.561838409419177
9315,0.512519340131032
9316,0.353019334323711
9317,0.381020154536717
9318,0.522933245067864
9319,0.404616906054546
9320,0.619976351531839
9321,0.480834288790294
9322,0.5657078518959
9323,0.537732723396481
9324,0.426701653859388
9325,0.440116654035615
9326,0.577613004713284
9327,0.362703405878381
9328,0.523177047903801
9329,0.35643305962292
9330,0.306910826170531
9331,0.475064109908365
9332,0.417740008186605
9333,0.305741567959723
9334,0.41595979607143
9335,0.296445591048695
9336,0.510999311101987
9337,0.363322920131811
9338,0.452682670530997
9339,0.620321571956805
9340,0.551096533972424
9341,0.488662281183586
9342,0.507775290511
9343,0.490646944937187
9344,0.496338064443924
9345,0.506887722701483
9346,0.6039912596061
9347,0.586949542540405
9348,0.617609734599056
9349,0.287644229131182
9350,0.0819356514363233
9351,0.323952113924059
9352,0.407960054574471
9353,0.184930371577776
9354,0.258536005257233
9355,0.151852597800291
9356,0.144103022233736
9357,0.368941068230494
9358,0.377501505585392
9359,0.582028582843674
9360,0.269403798788498
9361,0.193913505190654
9362,0.188512875019042
9363,0.532210060211657
9364,0.412271830580607
9365,0.572498625665947
9366,0.2686793544636
9367,0.362636159082633
9368,0.365179237546836
9369,0.446434173446057
9370,0.481215387507574
9371,0.390926546316629
9372,0.302265289916302
9373,0.319315014483757
9374,0.410891834320876
9375,0.497281310252251
9376,0.513472039543661
9377,0.250585050148238
9378,0.537363613035036
9379,0.430620242005043
9380,0.479587141659011
9381,0.431821497895883
9382,0.39259700873005
9383,0.445907435116157
9384,0.399595174131174
9385,0.529132651896561
9386,0.538194658501103
9387,0.497879573900772
9388,0.54631142741007
9389,0.419118172838799
9390,0.478265979514969
9391,0.532408259526139
9392,0.335277670495977
9393,0.434910284942907
9394,0.55716877462269
9395,0.509879159025348
9396,0.187443286073903
9397,0.0820819157032224
9398,0.197410630176611
9399,0.298826260240619
9400,0.216314123214256
9401,0.279866940388027
9402,0.224297144558355
9403,0.15408749560897
9404,0.473069640585788
9405,0.483531139623134
9406,0.404097240013042
9407,0.446594367401326
9408,0.191905259574616
9409,0.265176493625832
9410,0.356327837790176
9411,0.38425481679445
9412,0.204849252275259
9413,0.326262194371905
9414,0.198045284590874
9415,0.384939050075081
9416,0.307076247957431
9417,0.307800300470838
9418,0.311631262429297
9419,0.236762008269857
9420,0.230846601461911
9421,0.371004571539963
9422,0.401261701613254
9423,0.447927957475392
9424,0.114317023228772
9425,0.164564285431911
9426,0.284454575603368
9427,0.454748539985431
9428,0.670225802135638
9429,0.568343704556468
9430,0.579459336630625
9431,0.42634444355672
9432,0.471793249455014
9433,0.473842592457196
9434,0.524514382998407
9435,0.55148645818704
9436,0.590010017797454
9437,0.518116703175301
9438,0.478446762955444
9439,0.391239775079792
9440,0.57234745182576
9441,0.686537464721911
9442,0.540219887575978
9443,0.477520698790382
9444,0.550251396859086
9445,0.491456775862337
9446,0.564202707268595
9447,0.589029980785574
9448,0.595251363447204
9449,0.43789717893973
9450,0.508331883868446
9451,0.269759618802143
9452,0.417865184332605
9453,0.650886137488568
9454,0.506083217470906
9455,0.629735433130304
9456,0.520636691370619
9457,0.376529887943203
9458,0.466606202617592
9459,0.648608232070244
9460,0.47199661432363
9461,0.619194665834681
9462,0.391040973281148
9463,0.496986477295287
9464,0.473085816592052
9465,0.520408797437473
9466,0.515775551778703
9467,0.514326133498089
9468,0.483359813427923
9469,0.316283237511156
9470,0.467564993578511
9471,0.462944125965739
9472,0.41140537116673
9473,0.543010153978106
9474,0.595461455517603
9475,0.523154966366985
9476,0.562642803443734
9477,0.487228329462492
9478,0.43924078438759
9479,0.303114543159545
9480,0.377599332318608
9481,0.427958431327305
9482,0.429695496781492
9483,0.593748627382034
9484,0.562895513434186
9485,0.42101012285772
9486,0.448837535786168
9487,0.414935596091103
9488,0.398470398060441
9489,0.456263791631698
9490,0.419765966201374
9491,0.651765531088441
9492,0.429996093047092
9493,0.38129309720547
9494,0.302345003690993
9495,0.393733486996361
9496,0.447166188878908
9497,0.473244244855429
9498,0.398925104936923
9499,0.333392725308572
9500,0.526163824605612
9501,0.484880717607515
9502,0.523400455586873
9503,0.413884183848838
9504,0.424938066807394
9505,0.319560796752983
9506,0.352232222044552
9507,0.489467727596029
9508,0.450895124666073
9509,0.472470914223699
9510,0.489388940202773
9511,0.527224951717023
9512,0.337286704437549
9513,0.400880014162921
9514,0.476497778889447
9515,0.414560037937799
9516,0.465787596324271
9517,0.346992697280667
9518,0.557130130664779
9519,0.458490489719634
9520,0.647395392322988
9521,0.520313745096193
9522,0.368744395679606
9523,0.542775443149235
9524,0.429845125418012
9525,0.392534030710013
9526,0.390833837649636
9527,0.462579384858084
9528,0.526645575769923
9529,0.208789688179372
9530,0.52345052989636
9531,0.42822711119283
9532,0.583884360731063
9533,0.536118582188297
9534,0.419883680640009
9535,0.591701746021083
9536,0.554063211692035
9537,0.46947247429818
9538,0.489489193890769
9539,0.56939049476315
9540,0.231159240107566
9541,0.514615170013624
9542,0.458611389443754
9543,0.478460926319863
9544,0.429243126717787
9545,0.54322315385798
9546,0.461881200561223
9547,0.545917306980965
9548,0.489921475759453
9549,0.512413171371078
9550,0.444082545859555
9551,0.238280197680924
9552,0.421753901949915
9553,0.378351814745336
9554,0.509477779430725
9555,0.438299494506852
9556,0.517605438620775
9557,0.517698404371543
9558,0.303928360885466
9559,0.43990847542631
9560,0.44238544472073
9561,0.532177349762578
9562,0.534221417894598
9563,0.346807042465217
9564,0.438828252913491
9565,0.49526458033024
9566,0.49386297347625
9567,0.623259808171728
9568,0.493471724074592
9569,0.623373651285611
9570,0.477829817471245
9571,0.434923530962991
9572,0.580946255669729
9573,0.523411076779343
9574,0.52257297881669
9575,0.520526462227026
9576,0.336285761847667
9577,0.58243608272699
9578,0.549670983921597
9579,0.522746980797325
9580,0.422357444259883
9581,0.534120456375062
9582,0.397947500501715
9583,0.508290868771856
9584,0.552325463033229
9585,0.294845516774419
9586,0.470235427247292
9587,0.319385869514657
9588,0.514743598273791
9589,0.506659014725469
9590,0.397955370628178
9591,0.441207880212665
9592,0.47996881127649
9593,0.405365271176957
9594,0.297203763210329
9595,0.386140945152013
9596,0.283244024501271
9597,0.419752800223604
9598,0.427398630471829
9599,0.468329423734722
9600,0.528554079589809
9601,0.383989658668501
9602,0.543603377935703
9603,0.514604101227766
9604,0.528936730031119
9605,0.569684902146524
9606,0.419148793179098
9607,0.477959143729813
9608,0.542423885926671
9609,0.335365684596018
9610,0.445645236202806
9611,0.451076938163134
9612,0.41672828596162
9613,0.311650620945079
9614,0.270062379698754
9615,0.528376487273541
9616,0.518819735721867
9617,0.484312291775158
9618,0.40537078072032
9619,0.453433417151754
9620,0.295963095986736
9621,0.474538829484302
9622,0.486653827739611
9623,0.532112297679252
9624,0.218678701042242
9625,0.166678454790154
9626,0.130119173387017
9627,0.502541135928362
9628,0.212942839871392
9629,0.589948829964049
9630,0.197788614005591
9631,0.349780352227607
9632,0.195622584074294
9633,0.494554833746419
9634,0.428263722834926
9635,0.234166024119901
9636,0.187405324253411
9637,0.269111808772245
9638,0.0954268378028604
9639,0.457791773714185
9640,0.27980409251034
9641,0.411838704624336
9642,0.439035368437763
9643,0.40533228368966
9644,0.405583928997836
9645,0.446879160213921
9646,0.439962488749642
9647,0.368951659550958
9648,0.444967008350486
9649,0.411305899406935
9650,0.406941722507515
9651,0.391498289295296
9652,0.5292490332812
9653,0.600755784746449
9654,0.572545956168878
9655,0.232063376321943
9656,0.1897637050022
9657,0.411379670138613
9658,0.36394256059385
9659,0.189897941518973
9660,0.158060166067827
9661,0.252629959461202
9662,0.32400056609335
9663,0.314741693119804
9664,0.396623723771169
9665,0.346898511931259
9666,0.101396392075381
9667,0.088148617971459
9668,0.272627366303434
9669,0.232231987731261
9670,0.138437645662088
9671,0.42555362059963
9672,0.110734010163604
9673,0.154993117189755
9674,0.227739545157806
9675,0.27345302168649
9676,0.219998694494366
9677,0.348213207596506
9678,0.371140090439563
9679,0.126447260744583
9680,0.287304500600837
9681,0.256804985601843
9682,0.301705934110181
9683,0.188538872444016
9684,0.335367548977551
9685,0.402067951036173
9686,0.188039478524557
9687,0.283234708235258
9688,0.263054248893028
9689,0.333671736246834
9690,0.398764419586011
9691,0.183132158244228
9692,0.100588684376439
9693,0.347320718687208
9694,0.309064267800762
9695,0.294503981781613
9696,0.222215405495547
9697,0.072858089238911
9698,0.200970139294386
9699,0.328575875332707
9700,0.29166619713958
9701,0.660820452602569
9702,0.539955504051256
9703,0.510790847941135
9704,0.445485153813171
9705,0.709196490118471
9706,0.652609297110516
9707,0.620473337003514
9708,0.512281391313488
9709,0.338318564697819
9710,0.524495726723019
9711,0.626282772141741
9712,0.538734351885176
9713,0.656194595663075
9714,0.558496362539382
9715,0.599661309235888
9716,0.32935592859917
9717,0.460817387363747
9718,0.444780426605575
9719,0.434529886443096
9720,0.500605211824922
9721,0.609545838080003
9722,0.489434421397708
9723,0.53962635928344
9724,0.518564020941135
9725,0.548023531141721
9726,0.462633059702363
9727,0.386338123070868
9728,0.406548249734598
9729,0.467321936293224
9730,0.528932656346672
9731,0.526105860758087
9732,0.332450382234848
9733,0.38195837654524
9734,0.401651341357867
9735,0.380937222482376
9736,0.416197404388831
9737,0.476742093738356
9738,0.494063803919792
9739,0.522486113184261
9740,0.487092098390738
9741,0.421992638969178
9742,0.536960714546393
9743,0.473464682778357
9744,0.420899236354003
9745,0.35107642831785
9746,0.44069671529316
9747,0.2996421002994
9748,0.385800212618539
9749,0.534664676582371
9750,0.475434045404156
9751,0.361753842202093
9752,0.327984186091732
9753,0.473380019933448
9754,0.446009811156611
9755,0.426999316440582
9756,0.364343513829003
9757,0.490911626893476
9758,0.398306597311707
9759,0.444710118075831
9760,0.395029979396928
9761,0.475559413110663
9762,0.485726182571715
9763,0.214776429077578
9764,0.165443411288119
9765,0.441807147198766
9766,0.395036401453621
9767,0.42682869816836
9768,0.333599217277403
9769,0.292961514487154
9770,0.276959545980036
9771,0.447281614392242
9772,0.40215160071388
9773,0.551035777928106
9774,0.400838857749706
9775,0.234391766323701
9776,0.526297946807178
9777,0.528756533610779
9778,0.424157190377292
9779,0.565223310977195
9780,0.162578229012527
9781,0.232786801177303
9782,0.436882478067404
9783,0.364609412916091
9784,0.558261690774883
9785,0.295186993261949
9786,0.528625237341898
9787,0.381125060167358
9788,0.524584486384776
9789,0.438944691873836
9790,0.327726505452831
9791,0.58754755907436
9792,0.480856070341496
9793,0.428299177513293
9794,0.382885537613
9795,0.504251139841847
9796,0.287527986655928
9797,0.47188813529612
9798,0.242210482163088
9799,0.307709712818549
9800,0.463171715946259
9801,0.364819863617054
9802,0.442350922160533
9803,0.492986075508436
9804,0.356148611310045
9805,0.474263843286307
9806,0.349185069960666
9807,0.523112788676927
9808,0.475908129594356
9809,0.293010597165843
9810,0.435466682936154
9811,0.518602145589888
9812,0.317160433252845
9813,0.324048321354737
9814,0.496499183926727
9815,0.4362898950894
9816,0.402662010125839
9817,0.40094266840118
9818,0.321955625629861
9819,0.510216680671184
9820,0.511984642656371
9821,0.433282964998777
9822,0.507696357991052
9823,0.457654354343621
9824,0.138129568839521
9825,0.447178507665842
9826,0.459431997308475
9827,0.479875398708618
9828,0.314894447441954
9829,0.2924682082261
9830,0.264118662099551
9831,0.450559885802331
9832,0.515544892518098
9833,0.114462804272026
9834,0.462931901540702
9835,0.394251618451685
9836,0.289524088506283
9837,0.465456730707874
9838,0.455636965922325
9839,0.370303222269815
9840,0.406840670887553
9841,0.467585540579444
9842,0.433544142482609
9843,0.501511953908281
9844,0.467316079735191
9845,0.522777220626646
9846,0.586926374038982
9847,0.355425533566239
9848,0.516514204544878
9849,0.531118865636623
9850,0.597708729630326
9851,0.534548391853211
9852,0.475733698054743
9853,0.437345022709497
9854,0.488964008048195
9855,0.449035011059228
9856,0.528696001780354
9857,0.473089401935545
9858,0.332954819195159
9859,0.361010696376518
9860,0.357480073445652
9861,0.50600196956486
9862,0.46289549962017
9863,0.373416771132755
9864,0.430018883827897
9865,0.427834562321686
9866,0.258663294382815
9867,0.513518992946926
9868,0.473852538651466
9869,0.372265052182944
9870,0.496970202666692
9871,0.472196122642995
9872,0.511499334879123
9873,0.410384809748744
9874,0.44556709911238
9875,0.419620352342079
9876,0.449966454066614
9877,0.347763837589649
9878,0.387734420431018
9879,0.62094069517031
9880,0.348965678487646
9881,0.457277029464906
9882,0.199067180187981
9883,0.122314471334689
9884,0.107708151019321
9885,0.426366487975824
9886,0.37431604592688
9887,0.28074031129624
9888,0.289326189580513
9889,0.189866858604053
9890,0.233976023785959
9891,0.348061289726977
9892,0.314105636859169
9893,0.581507485614227
9894,0.197214406599529
9895,0.49324857419149
9896,0.439925994994405
9897,0.326050962657134
9898,0.397329839937833
9899,0.504705405030119
9900,0.48531630527028
9901,0.470611887207173
9902,0.383659867738582
9903,0.416193839841995
9904,0.491623395205994
9905,0.436972755981697
9906,0.454376143764377
9907,0.276262683926925
9908,0.48180233790995
9909,0.3874404918642
9910,0.259686484641245
9911,0.18242294098971
9912,0.174791668887081
9913,0.419942610686631
9914,0.217993989033645
9915,0.346726121645489
9916,0.248670448546299
9917,0.393300794881975
9918,0.19785363804921
9919,0.099899741768678
9920,0.238173497581466
9921,0.241462698945765
9922,0.368541488598371
9923,0.362283788488992
9924,0.234920914765489
9925,0.272644004107475
9926,0.21834301982152
9927,0.412891318499913
9928,0.244746057491669
9929,0.545750226462119
9930,0.334744385039289
9931,0.301016668708654
9932,0.256294643560128
9933,0.31935135603811
9934,0.199532039354919
9935,0.295793724372256
9936,0.168843806334363
9937,0.315430991042239
9938,0.396518364611841
9939,0.337464483546433
9940,0.267319514478122
9941,0.220699569268841
9942,0.257206148157943
9943,0.310513434805031
9944,0.330556118716438
9945,0.184700181014723
9946,0.118491023193728
9947,0.172993032213386
9948,0.37038540017147
9949,0.273748606719876
9950,0.1907121070664
9951,0.310271555130315
9952,0.218841400587467
9953,0.139260487922775
9954,0.269654627390105
9955,0.214933128704742
9956,0.270341394776259
9957,0.42027053338956
9958,0.126428314229713
9959,0.275104972490504
9960,0.163476568047398
9961,0.108643767909759
9962,0.168762541595351
9963,0.368800186414202
9964,0.196281306984771
9965,0.333139092518346
9966,0.173146924695903
9967,0.151152098316704
9968,0.195783451691457
9969,0.402094751527302
9970,0.488952551728758
9971,0.275118264265694
9972,0.477548053218553
9973,0.526423339636006
9974,0.47873296964679
9975,0.553422752671136
9976,0.542508769029147
9977,0.576450014833861
9978,0.485078040890346
9979,0.491982423843376
9980,0.59512330129419
9981,0.481851544821678
9982,0.487016910939491
9983,0.408464492978085
9984,0.567934572646696
9985,0.306018519587861
9986,0.413651061506242
9987,0.416407185255873
9988,0.514517841177993
9989,0.442589520680867
9990,0.396689342399472
9991,0.418061947851292
9992,0.478638629353291
9993,0.522878405380551
9994,0.511474372512807
9995,0.535272134370162
9996,0.287733913818633
9997,0.531072766220751
9998,0.304633025569728
9999,0.326240031858092
10000,0.484334287860851
10001,0.501035105233816
10002,0.266421253538242
10003,0.468097551493697
10004,0.434421847379643
10005,0.562989152004241
10006,0.464824573491111
10007,0.371615553215665
10008,0.327305710329381
10009,0.309497126899868
10010,0.47036574334074
10011,0.450429811713158
10012,0.489547889132664
10013,0.570972396569866
10014,0.490155535721908
10015,0.472680834317011
10016,0.406861357455668
10017,0.431304324198609
10018,0.369118306477811
10019,0.469226579697156
10020,0.424850419768537
10021,0.360620098293068
10022,0.179339176030847
10023,0.440880178458176
10024,0.510691592295298
10025,0.501939491253736
10026,0.307911628999616
10027,0.234677422935858
10028,0.144985608673516
10029,0.315044619194492
10030,0.413774308875051
10031,0.298865996969844
10032,0.584426846484661
10033,0.495546992838853
10034,0.349478096314925
10035,0.394566479262403
10036,0.393959810316882
10037,0.261683122431264
10038,0.508547994216285
10039,0.501989269297938
10040,0.288417480156886
10041,0.389325682552514
10042,0.45828078205604
10043,0.266831125337727
10044,0.369695769437028
10045,0.156901407628261
10046,0.208291651527448
10047,0.441923032828682
10048,0.237730145592042
10049,0.510466018535534
10050,0.399729897489884
10051,0.490276124968978
10052,0.515485177326781
10053,0.459480843501897
10054,0.408336665459846
10055,0.607323234070109
10056,0.403727468110125
10057,0.285011526603946
10058,0.412445427422765
10059,0.428922967170243
10060,0.346377507685225
10061,0.458341637124094
10062,0.45021734371069
10063,0.41929624118392
10064,0.300980067837843
10065,0.437050044643636
10066,0.347743510248187
10067,0.404548661008948
10068,0.23163726387672
10069,0.476199094031632
10070,0.405853015075463
10071,0.549611509190098
10072,0.287294777020183
10073,0.35914798410691
10074,0.190393508737707
10075,0.457000717959196
10076,0.222852137884286
10077,0.272889841193603
10078,0.479572370647937
10079,0.205507460659242
10080,0.331514356122055
10081,0.324589901193259
10082,0.478020614147481
10083,0.429228253882988
10084,0.414759210146255
10085,0.269262381762992
10086,0.205774380469812
10087,0.314525764765229
10088,0.47919510529151
10089,0.511174299718652
10090,0.389940228574287
10091,0.348976620529356
10092,0.40869687387555
10093,0.511518250578427
10094,0.444092559664104
10095,0.353698343300424
10096,0.275291307590662
10097,0.487316423637997
10098,0.276222096000767
10099,0.542124519343874
10100,0.470491624479372
10101,0.400049463656974
10102,0.408073586798988
10103,0.364418595853272
10104,0.309095074142686
10105,0.451539131459988
10106,0.105604967456505
10107,0.386893990629895
10108,0.313982701472045
10109,0.216726420893305
10110,0.41747792337868
10111,0.276832434641093
10112,0.294880320545327
10113,0.469413316523327
10114,0.330228945442719
10115,0.611382385787621
10116,0.362286203872761
10117,0.488537349163768
10118,0.5594799073651
10119,0.449119636359357
10120,0.461042065601084
10121,0.421690612186485
10122,0.490145607014452
10123,0.439801667257537
10124,0.455123302509506
10125,0.598135140923372
10126,0.604347616591812
10127,0.458260719232176
10128,0.35450737738812
10129,0.558000527548205
10130,0.39555837147421
10131,0.46232273872018
10132,0.538247436975959
10133,0.34904345229778
10134,0.480269008960284
10135,0.289670360723737
10136,0.476224966041603
10137,0.375354101508974
10138,0.381044179901026
10139,0.522360635633222
10140,0.418408803224436
10141,0.416231020231628
10142,0.428176380800596
10143,0.394666230015097
10144,0.420130742193099
10145,0.587549577512731
10146,0.245575937018456
10147,0.375583050766347
10148,0.509299942173273
10149,0.52482270882813
10150,0.54554873794089
10151,0.352504883022495
10152,0.345470113577415
10153,0.4886763558857
10154,0.389897638258693
10155,0.418423407790218
10156,0.436141259892279
10157,0.22686560888018
10158,0.323551280869513
10159,0.424434625131368
10160,0.336991551859712
10161,0.503430174201727
10162,0.460096758484676
10163,0.422487008451021
10164,0.342074212102809
10165,0.408054449315064
10166,0.128630447002683
10167,0.386026601136672
10168,0.488608622726649
10169,0.312845460600822
10170,0.269238262717641
10171,0.47992715507139
10172,0.358758918019552
10173,0.464746836767704
10174,0.372439155434632
10175,0.317992479232752
10176,0.417922050149902
10177,0.176646299372808
10178,0.184812768457872
10179,0.356199546768436
10180,0.222274942433353
10181,0.227740418417616
10182,0.367443351089339
10183,0.273452427579805
10184,0.212569054604939
10185,0.15798137787517
10186,0.310464524864255
10187,0.289638607486595
10188,0.29040392312129
10189,0.18444093264428
10190,0.350990981303828
10191,0.263574256623793
10192,0.184123927875249
10193,0.444934560203606
10194,0.115287979794747
10195,0.18758511046526
10196,0.331589276574669
10197,0.320359628123602
10198,0.189612833027645
10199,0.181148721502114
10200,0.267687868084658
10201,0.274935845136447
10202,0.127112815562695
10203,0.311196237870361
10204,0.333667619704947
10205,0.329707940932482
10206,0.300171408968228
10207,0.289972914596686
10208,0.270179878124216
10209,0.356201052813996
10210,0.387940947976364
10211,0.173440722460206
10212,0.271089345302259
10213,0.187709359987687
10214,0.385221649648042
10215,0.391679077650617
10216,0.313171283720002
10217,0.380811502676763
10218,0.276045141903835
10219,0.293264538694127
10220,0.268198164750784
10221,0.339172319338278
10222,0.27465538073524
10223,0.258628263507523
10224,0.192641372999529
10225,0.260367998847014
10226,0.287199773732874
10227,0.397489260738702
10228,0.37413584507832
10229,0.522106262795602
10230,0.25734699555625
10231,0.470379032040529
10232,0.453755908613876
10233,0.354407694852509
10234,0.580519726006939
10235,0.143118123109035
10236,0.28595448995005
10237,0.30037166908415
10238,0.373698467289348
10239,0.500243960744052
10240,0.36685783515372
10241,0.427298451654215
10242,0.228354797215992
10243,0.473088090138898
10244,0.378810923421235
10245,0.29577828739056
10246,0.202654477866314
10247,0.504732114557394
10248,0.311294802273399
10249,0.518524427685697
10250,0.517202797640931
10251,0.474654598323201
10252,0.512824314650587
10253,0.542360161554361
10254,0.491704259679329
10255,0.402146008489799
10256,0.445216124991115
10257,0.430171414604232
10258,0.327678958181759
10259,0.544441167301503
10260,0.413621998400257
10261,0.466039064991533
10262,0.471272971825982
10263,0.468227827130209
10264,0.468697245802717
10265,0.437738912614303
10266,0.445445592313803
10267,0.392670769597811
10268,0.438236257732099
10269,0.458695557619441
10270,0.467645874778452
10271,0.356451717635614
10272,0.356987522383832
10273,0.436961675336119
10274,0.361171844496177
10275,0.342178139145197
10276,0.454519946010616
10277,0.3335039226908
10278,0.438382919100734
10279,0.338027044674967
10280,0.416690010984665
10281,0.392540153173181
10282,0.5174684177353
10283,0.237369601587021
10284,0.348621887376479
10285,0.386940790015494
10286,0.478267806240365
10287,0.381909893194923
10288,0.390336250872529
10289,0.269184953418459
10290,0.264512401609415
10291,0.436417060236809
10292,0.43215528187198
10293,0.386132939206944
10294,0.470265679621671
10295,0.277833536382576
10296,0.22103707702364
10297,0.28312563765186
10298,0.362514673014147
10299,0.2485196443751
10300,0.197177406180062
10301,0.428847468672018
10302,0.414611348697242
10303,0.529040325880024
10304,0.34910802591796
10305,0.245807012963692
10306,0.393984106388068
10307,0.395571080121087
10308,0.36207691185341
10309,0.341216588109241
10310,0.294320959492903
10311,0.36457224588214
10312,0.402349818140483
10313,0.293041521508547
10314,0.401487186398877
10315,0.356234728970519
10316,0.374426307169261
10317,0.407593914110683
10318,0.445892298130294
10319,0.368987745648573
10320,0.474766380442796
10321,0.300556617567509
10322,0.51577688259798
10323,0.424896388932874
10324,0.246160524902801
10325,0.435744536631769
10326,0.389237489556065
10327,0.44193441247357
10328,0.361841069517204
10329,0.415753025151531
10330,0.473271512886455
10331,0.270772269590232
10332,0.263637641707838
10333,0.306840139367757
10334,0.432443646242915
10335,0.394351165742184
10336,0.484539749620059
10337,0.434843839516726
10338,0.327409942423268
10339,0.373042611893908
10340,0.192098558698816
10341,0.1626254642111
10342,0.366837848797435
10343,0.349770296865761
10344,0.437988224745547
10345,0.370013957272176
10346,0.455035024732086
10347,0.390886551894885
10348,0.360861400890675
10349,0.229808282663625
10350,0.238202771607015
10351,0.260160733649771
10352,0.334219270457908
10353,0.452897927164705
10354,0.467682507345305
10355,0.521546019595758
10356,0.342246684079488
10357,0.469038172999388
10358,0.403739011040315
10359,0.421662784224023
10360,0.323111036625297
10361,0.372989418082642
10362,0.40396107348977
10363,0.378108780898936
10364,0.303522378223282
10365,0.301702476055724
10366,0.362732126666085
10367,0.367884324555121
10368,0.200989066877932
10369,0.314254957569301
10370,0.407448391349399
10371,0.423053376483439
10372,0.315634202597512
10373,0.412764297721475
10374,0.401943804918577
10375,0.413433619354996
10376,0.251981537765775
10377,0.336689097526944
10378,0.412552154843437
10379,0.279406080925444
10380,0.403718760980408
10381,0.418909053427353
10382,0.331193074264835
10383,0.408235394891467
10384,0.381457061151967
10385,0.294575462039587
10386,0.226797272218194
10387,0.431339722500187
10388,0.528713146861593
10389,0.366252198699283
10390,0.456881269790897
10391,0.470832589348119
10392,0.423577385546634
10393,0.550268304408014
10394,0.343660943411039
10395,0.453926931271515
10396,0.394943897047751
10397,0.341112666057237
10398,0.467515644865965
10399,0.597669699392814
10400,0.508071224843473
10401,0.470636291493982
10402,0.447450845905161
10403,0.354049013934455
10404,0.577010759894827
10405,0.426568371280232
10406,0.507553682570055
10407,0.571220492844119
10408,0.434316698109702
10409,0.322930663996508
10410,0.37582943191078
10411,0.421260766192123
10412,0.44766583028406
10413,0.55097716958423
10414,0.49197702761811
10415,0.428599077176643
10416,0.384401295185054
10417,0.369726488369332
10418,0.47857785899153
10419,0.473769923087966
10420,0.480251709288168
10421,0.48294869689207
10422,0.377275858797217
10423,0.444324422431851
10424,0.307356801181299
10425,0.230360094300942
10426,0.393693903781712
10427,0.246855775432392
10428,0.407860998693593
10429,0.245395568901529
10430,0.191513168193516
10431,0.473322875123484
10432,0.518063348807728
10433,0.387694976241808
10434,0.555002202678038
10435,0.357957457858751
10436,0.316076941266143
10437,0.204346647681575
10438,0.6292558457872
10439,0.494456989475079
10440,0.293407598155146
10441,0.282546797914989
10442,0.354008285603596
10443,0.361885142663952
10444,0.189620049057841
10445,0.285905467526634
10446,0.183993462718412
10447,0.247939946329888
10448,0.0878868792368691
10449,0.19671975597686
10450,0.263595361011373
10451,0.354073067971131
10452,0.172838062232355
10453,0.221774845113402
10454,0.283002254696952
10455,0.317489096980023
10456,0.245682343163237
10457,0.2386310369386
10458,0.238646493551435
10459,0.259196207961642
10460,0.384573410539814
10461,0.376724847076404
10462,0.194918807184221
10463,0.216271461349351
10464,0.185607610211165
10465,0.242624716778414
10466,0.243415996048286
10467,0.330253676868774
10468,0.370852795181006
10469,0.341695982672845
10470,0.314394071916979
10471,0.300817320082415
10472,0.227751475735889
10473,0.223632541274854
10474,0.192247891778571
10475,0.274238698166661
10476,0.31885728279798
10477,0.289094011782672
10478,0.285432383988495
10479,0.366292059779752
10480,0.322191571559898
10481,0.232318839491963
10482,0.163829721741441
10483,0.255239745179485
10484,0.308424938630414
10485,0.34868660364023
10486,0.31782138568028
10487,0.151356486954349
10488,0.266591779279379
10489,0.401898949694299
10490,0.457542528296836
10491,0.43112493030433
10492,0.226786658565841
10493,0.460615607056246
10494,0.414450553262025
10495,0.461689721171953
10496,0.360593931993538
10497,0.385505424698304
10498,0.536100704491891
10499,0.290689754033835
10500,0.30431076454575
10501,0.389655043064861
10502,0.475439159473572
10503,0.425401654116287
10504,0.226505184193212
10505,0.300475144128562
10506,0.412548558866424
10507,0.217063050628284
10508,0.417137617356747
10509,0.420226141565085
10510,0.35790996609187
10511,0.434491981173884
10512,0.280490780059019
10513,0.250769832380745
10514,0.326724392819268
10515,0.501339446580831
10516,0.464149703101637
10517,0.356500082186462
10518,0.230103882849084
10519,0.405390269834711
10520,0.266468251062184
10521,0.331380131524614
10522,0.516607075472174
10523,0.365130073625943
10524,0.23592900487399
10525,0.370002235681798
10526,0.480608207877267
10527,0.405979104206488
10528,0.459685482767155
10529,0.436448652951454
10530,0.503378585416133
10531,0.425057447964659
10532,0.383910066869595
10533,0.51814739010822
10534,0.457157818460557
10535,0.393855027383551
10536,0.560637034248446
10537,0.461711043063406
10538,0.333832862972603
10539,0.420362983784223
10540,0.463243272115187
10541,0.354656227920073
10542,0.29178638091557
10543,0.501774357481737
10544,0.422643446230285
10545,0.415722385389091
10546,0.327719807326776
10547,0.357887159871832
10548,0.340509665581104
10549,0.391125624663662
10550,0.296314366070985
10551,0.228098134755562
10552,0.497770664039176
10553,0.544970164899305
10554,0.226412294887136
10555,0.298357540871029
10556,0.325619516901961
10557,0.438461367444781
10558,0.409719626479515
10559,0.341617454068203
10560,0.374778982069822
10561,0.273688982617836
10562,0.399770871063347
10563,0.363898700311114
10564,0.339588362994581
10565,0.515357510611358
10566,0.385607417894084
10567,0.303884888863573
10568,0.274725064830812
10569,0.22223541472343
10570,0.326110240158298
10571,0.384491794153853
10572,0.526449720957999
10573,0.373315867253772
10574,0.484469906024694
10575,0.504200587309506
10576,0.343961769235849
10577,0.288487480096862
10578,0.135358772286361
10579,0.330668831468026
10580,0.300190051081144
10581,0.36790174131051
10582,0.45394362944817
10583,0.311881895889978
10584,0.355129680472514
10585,0.168156963008563
10586,0.305154002553615
10587,0.300160295933343
10588,0.380832797306417
10589,0.354354614639682
10590,0.418905606448529
10591,0.224698688731682
10592,0.306929636687416
10593,0.175532592336876
10594,0.43536254144091
10595,0.50522805697438
10596,0.213157411784478
10597,0.367640693264501
10598,0.437663090866776
10599,0.386751080854507
10600,0.490172782646992
10601,0.393046765215464
10602,0.369663107614909
10603,0.307383774116143
10604,0.0959175873021285
10605,0.288866477237396
10606,0.297316573287713
10607,0.187954624014266
10608,0.279424065947811
10609,0.415771476679909
10610,0.187925496053553
10611,0.433941161328593
10612,0.254893538581595
10613,0.312853484882976
10614,0.320612402484644
10615,0.327740582625501
10616,0.462790450579094
10617,0.319889772157224
10618,0.419080973129838
10619,0.266488249398847
10620,0.401825754676739
10621,0.322606368868663
10622,0.509117131205367
10623,0.414446791083918
10624,0.202537269507931
10625,0.383168888769229
10626,0.379687292684291
10627,0.1932303959095
10628,0.386227930077882
10629,0.356892363323337
10630,0.212803938965372
10631,0.420839289932958
10632,0.252349770445848
10633,0.466257608633855
10634,0.373005203643211
10635,0.439979768494852
10636,0.485913005348133
10637,0.177197863330146
10638,0.230340658517167
10639,0.357582035526578
10640,0.484556823463022
10641,0.379495693937869
10642,0.463989725105787
10643,0.244195276256775
10644,0.329601589138781
10645,0.496012269261574
10646,0.244390828030702
10647,0.496602317779587
10648,0.634273741909575
10649,0.568242593261057
10650,0.598411109186992
10651,0.216729046896073
10652,0.248609873372819
10653,0.343124711743333
10654,0.528041693961714
10655,0.340043630189811
10656,0.239723257972728
10657,0.309763285470987
10658,0.206562398977146
10659,0.22831801034918
10660,0.510945530149453
10661,0.599061381625418
10662,0.459371557059689
10663,0.486322176145877
10664,0.472049598130804
10665,0.682022908108952
10666,0.428174940885579
10667,0.555984020293129
10668,0.571961676455708
10669,0.498764903945089
10670,0.409995445965861
10671,0.621584947436798
10672,0.530172549906514
10673,0.574734339461858
10674,0.532247346777021
10675,0.323709122388039
10676,0.322099706509677
10677,0.416957891730656
10678,0.450396450978162
10679,0.419878095191258
10680,0.332293624976911
10681,0.518367463045085
10682,0.226589583701952
10683,0.318485164701026
10684,0.529582972962666
10685,0.283905420245229
10686,0.457335962196553
10687,0.225994061455894
10688,0.309185267360372
10689,0.455871273073188
10690,0.505153918175744
10691,0.407497366455702
10692,0.625174180568948
10693,0.637514767462115
10694,0.581117299079704
10695,0.35448618257488
10696,0.334778299847559
10697,0.445778810917004
10698,0.380332033355501
10699,0.256477313853214
10700,0.427818288004256
10701,0.367943293281522
10702,0.411493525938227
10703,0.307379728711395
10704,0.23593519873633
10705,0.347003800824158
10706,0.148463413741498
10707,0.285108476440003
10708,0.223230056797179
10709,0.405557515383417
10710,0.270146359830812
10711,0.263520142884589
10712,0.294919921639288
10713,0.299533601385188
10714,0.156789963918026
10715,0.175961171888492
10716,0.26659828118795
10717,0.162784366424766
10718,0.235691259503185
10719,0.264866111752521
10720,0.248592017416353
10721,0.278895338273967
10722,0.346906370631748
10723,0.30283808869993
10724,0.135266552690689
10725,0.323840516392781
10726,0.178538212388545
10727,0.31809364316431
10728,0.14842102934775
10729,0.426366733404059
10730,0.184999928001904
10731,0.329348910404235
10732,0.25594280000894
10733,0.345702605670849
10734,0.243432126039178
10735,0.172710221705904
10736,0.244650147711469
10737,0.313210227302034
10738,0.153996242635577
10739,0.386686746732759
10740,0.17890295626184
10741,0.213367189535512
10742,0.186520019762591
10743,0.212016372878962
10744,0.362553469143558
10745,0.1842239589936
10746,0.23782106746658
10747,0.26814864537229
10748,0.29229411194795
10749,0.235736482725296
10750,0.497015740571314
10751,0.206793316051381
10752,0.159787766977262
10753,0.296895578672203
10754,0.202449239008696
10755,0.279078383450739
10756,0.415459791127631
10757,0.377825436082579
10758,0.154859863405676
10759,0.227523554315566
10760,0.229945039211021
10761,0.302279914481894
10762,0.231139737241038
10763,0.350332166448653
10764,0.296028495995981
10765,0.272720764683939
10766,0.293709070539014
10767,0.407622343561544
10768,0.271531744771624
10769,0.402802440984088
10770,0.336289840883403
10771,0.344453906017597
10772,0.319303828448181
10773,0.296336058307745
10774,0.144468289983862
10775,0.384250415330307
10776,0.16683952519297
10777,0.179467924895498
10778,0.170093572385035
10779,0.305931400137779
10780,0.278169519814194
10781,0.204161613062745
10782,0.305849930479846
10783,0.477863993458275
10784,0.333516293020584
10785,0.207868495421835
10786,0.309691183760012
10787,0.142677360985311
10788,0.409912405701438
10789,0.25291836682834
10790,0.215714930735357
10791,0.276929485582319
10792,0.328453732284545
10793,0.389969585687424
10794,0.328122954392377
10795,0.13950164710123
10796,0.256179356911864
10797,0.490512311406068
10798,0.408698612431412
10799,0.557144094326504
10800,0.512419516121023
10801,0.49164096731558
10802,0.438092520739796
10803,0.522755724779391
10804,0.472936313824641
10805,0.574269633387247
10806,0.531465181793853
10807,0.475612850566681
10808,0.493521884613958
10809,0.556757995470571
10810,0.500665376496932
10811,0.458778461864491
10812,0.363775504683983
10813,0.402598653523243
10814,0.394957800811239
10815,0.417260602387446
10816,0.472761736133512
10817,0.440129870686116
10818,0.303038347544554
10819,0.317049458772333
10820,0.218019770036056
10821,0.409668818400802
10822,0.55611951170622
10823,0.443324201182259
10824,0.205383351236459
10825,0.386656598719132
10826,0.237965815901618
10827,0.289097909194937
10828,0.279984493859075
10829,0.358838756847379
10830,0.25571733021889
10831,0.291828081198274
10832,0.307973027051838
10833,0.380927450802225
10834,0.17821757910241
10835,0.466696798981967
10836,0.260934798797365
10837,0.227729243503428
10838,0.328563258740516
10839,0.419720281608932
10840,0.515103717103472
10841,0.561208867308521
10842,0.327240033615669
10843,0.138579705255438
10844,0.374219963976583
10845,0.31494194684899
10846,0.250565701157063
10847,0.24161197668352
10848,0.3558606034427
10849,0.389477643702642
10850,0.321339343530642
10851,0.388698794145302
10852,0.384030620957127
10853,0.144434781941829
10854,0.309515438250899
10855,0.173993524528639
10856,0.335593963705032
10857,0.117000376109321
10858,0.36045236964138
10859,0.52974932068064
10860,0.46172847551931
10861,0.186802135239699
10862,0.503692834116444
10863,0.187797602668978
10864,0.341361200269995
10865,0.315787390545867
10866,0.328147792566393
10867,0.282269636776471
10868,0.25289005127055
10869,0.294011179343698
10870,0.518906497412643
10871,0.477588525348792
10872,0.26669766368529
10873,0.375834124873061
10874,0.371407569011394
10875,0.444257724534468
10876,0.441425686114689
10877,0.37492294929828
10878,0.278176149954618
10879,0.272556758560637
10880,0.171732169118761
10881,0.398430400767186
10882,0.424418155149554
10883,0.316647748958608
10884,0.304372288001203
10885,0.258434169580522
10886,0.290396601637991
10887,0.300490531757113
10888,0.404587651593608
10889,0.244433266716333
10890,0.14574277681143
10891,0.346538124925227
10892,0.372367929812377
10893,0.227101986035628
10894,0.331287329150767
10895,0.396175718132664
10896,0.16502436547558
10897,0.419814355974353
10898,0.235180970209821
10899,0.329565876280711
10900,0.498017724437014
10901,0.192172130047459
10902,0.27159078023179
10903,0.221387321219156
10904,0.220288247500791
10905,0.336981503585013
10906,0.497138790802559
10907,0.387724985226029
10908,0.469419091109921
10909,0.379160172665029
10910,0.246757524221328
10911,0.370752223768457
10912,0.636511689786857
10913,0.348641589380425
10914,0.454051470245078
10915,0.334621118201061
10916,0.5804143912882
10917,0.305480360979969
10918,0.290097438503056
10919,0.182287154347067
10920,0.269495725342206
10921,0.242263577255501
10922,0.321909015981727
10923,0.312291340239062
10924,0.140026150923473
10925,0.262568122687132
10926,0.27908833907967
10927,0.14111659496382
10928,0.160683000310198
10929,0.315122488422715
10930,0.213509699194467
10931,0.186012972264897
10932,0.222332533301049
10933,0.259692539601494
10934,0.405178509420525
10935,0.605668164185391
10936,0.443110009934273
10937,0.589470642401811
10938,0.419630188910099
10939,0.5555294614679
10940,0.437483099566143
10941,0.526375165899673
10942,0.523770617950865
10943,0.371451348215601
10944,0.571268366124766
10945,0.446864493193475
10946,0.434162481361724
10947,0.635218102790744
10948,0.522369649590145
10949,0.370068761745106
10950,0.460901175908026
10951,0.552311603954757
10952,0.405799511252482
10953,0.525601042488483
10954,0.458483070170674
10955,0.457970101332094
10956,0.389583510371379
10957,0.301191733911857
10958,0.258131642109989
10959,0.40316796017182
10960,0.515588798020189
10961,0.28833754019549
10962,0.355107224193831
10963,0.304410500154394
10964,0.557214555195276
10965,0.406798813129033
10966,0.373071101024638
10967,0.279908729865713
10968,0.374163443086256
10969,0.378577298635126
10970,0.443292647831531
10971,0.471427774228957
10972,0.358741077485459
10973,0.459641706111335
10974,0.34383891344955
10975,0.3043995888772
10976,0.362978710272733
10977,0.562726180428328
10978,0.179168005666538
10979,0.30868211541213
10980,0.247146306416467
10981,0.209051586241747
10982,0.208197699686438
10983,0.403338444396598
10984,0.261061979902396
10985,0.40080546582739
10986,0.265339036697987
10987,0.262433525389179
10988,0.171295569104064
10989,0.238127589954018
10990,0.28556859776842
10991,0.149150371328232
10992,0.284277567586524
10993,0.323513844339951
10994,0.21644275160436
10995,0.362891875519273
10996,0.307888375051097
10997,0.1339781181544
10998,0.221219992581791
10999,0.436970779580209
