"ID","probability"
8010,0.224922689506333
8011,0.28729424879251
8012,0.259892151682947
8013,0.400904709933533
8014,0.210708374687838
8015,0.464828985265527
8016,0.236247219343234
8017,0.200722251200541
8018,0.266037896666574
8019,0.494007303044412
8020,0.14042366409462
8021,0.213276436010289
8022,0.403082023388331
8023,0.303322236458742
8024,0.282082160186573
8025,0.456297288326436
8026,0.260594730077606
8027,0.30911870118626
8028,0.195776974132433
8029,0.44015575684625
8030,0.40219727689154
8031,0.378161387085231
8032,0.340142861124459
8033,0.449336849759839
8034,0.308935407445185
8035,0.311349248345484
8036,0.26853230624541
8037,0.529425948599693
8038,0.36064609957597
8039,0.431309615766525
8040,0.411226467036377
8041,0.338756814916432
8042,0.336966172916677
8043,0.482247436812533
8044,0.499693795821467
8045,0.472753466956213
8046,0.56563131086068
8047,0.285073444614891
8048,0.196807442070213
8049,0.303025610339108
8050,0.43813349541119
8051,0.630669178159472
8052,0.212027023714659
8053,0.218004927626162
8054,0.173881829980125
8055,0.555853974410705
8056,0.555957395363006
8057,0.58985420386584
8058,0.64299858610187
8059,0.417147056955659
8060,0.559761925125355
8061,0.618952282798388
8062,0.594138701653174
8063,0.634944788805256
8064,0.702813530734594
8065,0.597269247213051
8066,0.546649202944809
8067,0.633746209979671
8068,0.635330308941574
8069,0.619620827409539
8070,0.607876219806577
8071,0.608692680395565
8072,0.58575307918166
8073,0.610049360457767
8074,0.689125338309746
8075,0.595787123961357
8076,0.632866465816673
8077,0.652625752022684
8078,0.565765234195518
8079,0.449388552410051
8080,0.582736613741171
8081,0.614257399259163
8082,0.473246675880907
8083,0.636735986478465
8084,0.535765760365772
8085,0.576639277960387
8086,0.638420983019877
8087,0.567505215326503
8088,0.571039516035538
8089,0.588976241033181
8090,0.529807741364815
8091,0.56243414468054
8092,0.604051137133018
8093,0.60589929287032
8094,0.518966151236963
8095,0.470502933066573
8096,0.575974041321619
8097,0.601307718733101
8098,0.617007220053395
8099,0.578454786283489
8100,0.507773503856351
8101,0.608840747880819
8102,0.666144425782811
8103,0.558116470837039
8104,0.606988626071004
8105,0.649189456876035
8106,0.56254174409509
8107,0.516522765542307
8108,0.529886036956659
8109,0.569628496207734
8110,0.599465280915408
8111,0.613153610890692
8112,0.575059868364883
8113,0.488933504018791
8114,0.628719724113116
8115,0.565347059913728
8116,0.581955884883588
8117,0.280970727571243
8118,0.678436850733642
8119,0.458184196403301
8120,0.61869396490826
8121,0.674060021963835
8122,0.638442293651087
8123,0.482645488634733
8124,0.564436042416444
8125,0.553890993304478
8126,0.581090007074751
8127,0.617650608340553
8128,0.459331702779225
8129,0.523786334316176
8130,0.588633177483753
8131,0.481545762060217
8132,0.378712772125282
8133,0.530860293446342
8134,0.373395621558021
8135,0.399442764970009
8136,0.508453329762551
8137,0.57908496037241
8138,0.369749631018303
8139,0.543864214372485
8140,0.628288347916146
8141,0.670118199406421
8142,0.487855623172688
8143,0.559636936470929
8144,0.539056696153762
8145,0.487957844419383
8146,0.50907016915189
8147,0.514921001088895
8148,0.551261555173743
8149,0.550824253979873
8150,0.520351760949621
8151,0.584703014241263
8152,0.592499134348241
8153,0.414221739270245
8154,0.327208577437069
8155,0.607261333942983
8156,0.603441784574102
8157,0.580126358099065
8158,0.583967736710501
8159,0.617734660266378
8160,0.635479965020554
8161,0.553199666064799
8162,0.474605005340002
8163,0.415384324359453
8164,0.62622817020748
8165,0.660051428224291
8166,0.453864785108893
8167,0.586884028924108
8168,0.547817902150775
8169,0.474602715037425
8170,0.520952550513189
8171,0.608215900351248
8172,0.574358741495534
8173,0.607683414049479
8174,0.582186148984567
8175,0.497438228846408
8176,0.556447941908926
8177,0.364971471250618
8178,0.575780278201309
8179,0.453319549091721
8180,0.477256950625189
8181,0.553434487757765
8182,0.485834025377153
8183,0.514557639508439
8184,0.467844101700648
8185,0.4938013853024
8186,0.607775580795955
8187,0.566503446390903
8188,0.615164399610757
8189,0.416359362963495
8190,0.627520110526579
8191,0.560361063215434
8192,0.454792970818169
8193,0.484718158650591
8194,0.665469133220717
8195,0.597908534689773
8196,0.581839990576137
8197,0.549172705022397
8198,0.521078170176868
8199,0.635513718018766
8200,0.594232838828247
8201,0.596986059699039
8202,0.598002508618297
8203,0.619724017658284
8204,0.608530680030588
8205,0.677536982420091
8206,0.65779795370552
8207,0.557540850573484
8208,0.58828534756831
8209,0.569810009040555
8210,0.54538410308758
8211,0.595243482843855
8212,0.572112407806038
8213,0.579262937228248
8214,0.543931845417309
8215,0.56025126696424
8216,0.632328759334483
8217,0.448262260177296
8218,0.532450939844399
8219,0.631146542917121
8220,0.495180403569657
8221,0.513406851093172
8222,0.429670301197516
8223,0.599282561530118
8224,0.643699797799135
8225,0.605915717166346
8226,0.566295995910618
8227,0.590189287675321
8228,0.56645906245645
8229,0.567710876081016
8230,0.598733710507549
8231,0.607046382987543
8232,0.540884889754958
8233,0.487777931351153
8234,0.563888739799771
8235,0.630037753193677
8236,0.649839918623486
8237,0.55805834144013
8238,0.52383875902419
8239,0.54462006949569
8240,0.536843934151801
8241,0.691090220812284
8242,0.476005429976943
8243,0.405332218672817
8244,0.509297831153957
8245,0.636009596889336
8246,0.545702459454188
8247,0.517627053487676
8248,0.703026778885754
8249,0.494797081892692
8250,0.60045531980573
8251,0.572966239003381
8252,0.443478275807303
8253,0.573534737237076
8254,0.558247455021361
8255,0.528153855742659
8256,0.287516759217829
8257,0.280345026681076
8258,0.157221608346121
8259,0.442806189345453
8260,0.409016993427928
8261,0.234247054817543
8262,0.345682984917315
8263,0.422164664854815
8264,0.449893761433227
8265,0.545261693654935
8266,0.250925096266974
8267,0.214349709247377
8268,0.257576429161904
8269,0.212410046671171
8270,0.142564028439109
8271,0.343387581544642
8272,0.223025569848752
8273,0.221796786669371
8274,0.27248537919968
8275,0.613009716135683
8276,0.364194644832008
8277,0.545603457712984
8278,0.6289457497651
8279,0.619982988753382
8280,0.539751269245149
8281,0.33884752869955
8282,0.377462458440761
8283,0.559823812931148
8284,0.595190309305561
8285,0.417477938770782
8286,0.58146674442186
8287,0.375143779254892
8288,0.282393484767726
8289,0.500297187773385
8290,0.573928777061498
8291,0.569980924496547
8292,0.526960386380038
8293,0.456630248615566
8294,0.444843944673721
8295,0.610136420698676
8296,0.584564746493455
8297,0.521658865200795
8298,0.633300517246305
8299,0.482540461509864
8300,0.60535911567578
8301,0.515235278257739
8302,0.436183403189376
8303,0.403919926973664
8304,0.569893108511573
8305,0.581665099403746
8306,0.259694841146973
8307,0.363892256914429
8308,0.342355235380843
8309,0.472220831800935
8310,0.235792469249439
8311,0.279964962559415
8312,0.381581960596069
8313,0.510082216117139
8314,0.175077177109235
8315,0.413551182729936
8316,0.245039629185673
8317,0.154291719164264
8318,0.263138927686649
8319,0.405116157453255
8320,0.245770216540475
8321,0.207980401550547
8322,0.203478342609341
8323,0.119728980168666
8324,0.437826989769432
8325,0.323831271896279
8326,0.215012426638142
8327,0.314437280918732
8328,0.213744397967068
8329,0.382394852381871
8330,0.367567982156844
8331,0.682425871767451
8332,0.492976775213458
8333,0.640408512860484
8334,0.497667528946385
8335,0.578975639546699
8336,0.592791167118398
8337,0.653354178614211
8338,0.649201012858503
8339,0.532709745730077
8340,0.694988369501403
8341,0.687690653645109
8342,0.633911078776233
8343,0.71167194711046
8344,0.589873229175468
8345,0.729800847377596
8346,0.641562599276791
8347,0.648377343586902
8348,0.612317533489727
8349,0.798687474811191
8350,0.599616806346287
8351,0.698829165679735
8352,0.595165588163129
8353,0.360226617081027
8354,0.597392449336046
8355,0.562225852746442
8356,0.56113146873258
8357,0.495694854670889
8358,0.505481161193453
8359,0.382026330875552
8360,0.4635943255981
8361,0.619063374236625
8362,0.446786700308723
8363,0.612040813240761
8364,0.505240342271765
8365,0.530234215518064
8366,0.586805494089161
8367,0.549458520307053
8368,0.582093517095581
8369,0.629024713424283
8370,0.610706403448259
8371,0.58279903642469
8372,0.369705086683617
8373,0.616627402183534
8374,0.592745269177108
8375,0.702199264460372
8376,0.537878456083464
8377,0.414620345292141
8378,0.539004020959269
8379,0.351655361650118
8380,0.6401420613342
8381,0.489016519987934
8382,0.604207627387993
8383,0.574900722119851
8384,0.47306733995117
8385,0.542179611980663
8386,0.452088728812012
8387,0.554205884699347
8388,0.454886972224442
8389,0.59418184418218
8390,0.592121583428652
8391,0.626758881287623
8392,0.577418442377031
8393,0.384286014682683
8394,0.353576859513254
8395,0.474795195575059
8396,0.516003461623416
8397,0.554141202653442
8398,0.665900667735955
8399,0.424737823245335
8400,0.587870326215737
8401,0.555688298512105
8402,0.595692158306642
8403,0.57199638217728
8404,0.54949488270002
8405,0.706966022948374
8406,0.521744388410426
8407,0.648530216089763
8408,0.272876505685364
8409,0.611482262351437
8410,0.632175175512518
8411,0.503728925541824
8412,0.629716975685211
8413,0.446251507969455
8414,0.418976747504954
8415,0.528237191404157
8416,0.563123860099363
8417,0.632142904279638
8418,0.660621630639625
8419,0.525784100024518
8420,0.568310045509612
8421,0.434425035357696
8422,0.560594652215849
8423,0.525396485409559
8424,0.514506394909591
8425,0.565291578222467
8426,0.584466176151048
8427,0.541977000577518
8428,0.588910181944232
8429,0.620021871323334
8430,0.577869922876215
8431,0.616365689051804
8432,0.595608425292986
8433,0.571902184441363
8434,0.6026533192258
8435,0.594774040071455
8436,0.539453681220158
8437,0.612928687803412
8438,0.438952806607249
8439,0.29772661106247
8440,0.594100725130565
8441,0.553698261705773
8442,0.675837547027438
8443,0.433479587882069
8444,0.504934538300236
8445,0.305314288810153
8446,0.573638090943615
8447,0.623657911429053
8448,0.616602724669168
8449,0.498928414480471
8450,0.273003741075512
8451,0.537007945787662
8452,0.529210769256058
8453,0.592359741157639
8454,0.43360286843418
8455,0.643462141679636
8456,0.321346964117765
8457,0.63934370108657
8458,0.610073920687003
8459,0.495156173726144
8460,0.608771039734984
8461,0.508623876076906
8462,0.55455854818047
8463,0.448595046439976
8464,0.628545014020045
8465,0.527416966204614
8466,0.469895614984773
8467,0.552620790463917
8468,0.507832514522744
8469,0.628065486506624
8470,0.569642072982569
8471,0.6212672224421
8472,0.526607234030554
8473,0.584345328128582
8474,0.599981769207978
8475,0.621367189439437
8476,0.613847260213845
8477,0.590808890573289
8478,0.587086798430152
8479,0.643670456157443
8480,0.650431312083709
8481,0.547484298795462
8482,0.63192396253603
8483,0.457100692958867
8484,0.613776111489497
8485,0.43826643895786
8486,0.605883712127952
8487,0.59246987701823
8488,0.6227841030841
8489,0.672566777352679
8490,0.490731986438535
8491,0.531317433615272
8492,0.665093490548505
8493,0.608214524520886
8494,0.648224521835764
8495,0.631184519383504
8496,0.571379002988018
8497,0.586722160628834
8498,0.573142951010478
8499,0.461073631248024
8500,0.512666104382469
8501,0.610702225620009
8502,0.516443933402358
8503,0.548291595415766
8504,0.660456023028561
8505,0.630215160161434
8506,0.542688907903861
8507,0.63377163524369
8508,0.532874658677545
8509,0.54658593837137
8510,0.511908794208998
8511,0.513760265656567
8512,0.518154077224947
8513,0.488032273402332
8514,0.44438937558983
8515,0.521908342463714
8516,0.516763882902094
8517,0.618644725995395
8518,0.492584069000715
8519,0.499616678809476
8520,0.598210905106133
8521,0.579303033672299
8522,0.538459976693525
8523,0.532567927210121
8524,0.633509198392978
8525,0.572357192719702
8526,0.564342455896561
8527,0.637815306168166
8528,0.371866321469769
8529,0.479954982151328
8530,0.420381182560934
8531,0.5450156855583
8532,0.464275150280121
8533,0.534297503009001
8534,0.360444821795463
8535,0.537766438605458
8536,0.636619046096145
8537,0.525818328653042
8538,0.673067664567453
8539,0.481801935542044
8540,0.317404254641696
8541,0.724688594609264
8542,0.70204799017638
8543,0.388124384980375
8544,0.508438329272899
8545,0.544437951495521
8546,0.561487798898261
8547,0.522679918751618
8548,0.588895866671724
8549,0.416467732285835
8550,0.133683415578007
8551,0.361498675956443
8552,0.248701607627906
8553,0.354663728568762
8554,0.246393326213737
8555,0.197198368650123
8556,0.136547904780941
8557,0.211388479061549
8558,0.320909779719287
8559,0.594211039813009
8560,0.376037415659942
8561,0.299463262531988
8562,0.438614549528212
8563,0.307522160070589
8564,0.564960746640375
8565,0.541533098111135
8566,0.577062013262946
8567,0.376881719887147
8568,0.584242274109931
8569,0.56971206526742
8570,0.464176712149779
8571,0.512252201669597
8572,0.509148994223763
8573,0.46746426977514
8574,0.474404029801578
8575,0.577531856326921
8576,0.551289940120753
8577,0.566804633723974
8578,0.42047796879107
8579,0.345636754590313
8580,0.562160795399165
8581,0.446225029384202
8582,0.380882438202264
8583,0.374254965667082
8584,0.621050180230899
8585,0.605431451532383
8586,0.428252630530817
8587,0.674414269651891
8588,0.316274663358259
8589,0.544193633548072
8590,0.669215662026954
8591,0.581509923667662
8592,0.521835600355398
8593,0.563328663066844
8594,0.55851194805939
8595,0.552167162886282
8596,0.568185547728612
8597,0.44637937143556
8598,0.404625288881723
8599,0.220018110311837
8600,0.468276098146034
8601,0.271005945271108
8602,0.301958691069226
8603,0.186067154463418
8604,0.153409209955618
8605,0.589028913608497
8606,0.550346786810213
8607,0.570249252631996
8608,0.563309663591755
8609,0.674435576224828
8610,0.564007522660711
8611,0.543980819224096
8612,0.542377106823466
8613,0.660498392501474
8614,0.64444883642277
8615,0.617678633882895
8616,0.559201337208381
8617,0.527685370602764
8618,0.545208954156248
8619,0.508671370354281
8620,0.618663635469351
8621,0.592001942827509
8622,0.568927909026351
8623,0.657558297160709
8624,0.571155619465949
8625,0.691946299974596
8626,0.598017668951886
8627,0.51934156825475
8628,0.515751463671167
8629,0.471689026465552
8630,0.365232931434939
8631,0.653593763143461
8632,0.429122772706214
8633,0.580063524652531
8634,0.521595152439562
8635,0.320027897472149
8636,0.461542201118261
8637,0.541271771362905
8638,0.56046197798322
8639,0.359046655867878
8640,0.477690124724334
8641,0.533744892578242
8642,0.624859770566035
8643,0.63275997210973
8644,0.545175106255753
8645,0.601931176804727
8646,0.429413305933023
8647,0.588075010760695
8648,0.607829530175574
8649,0.380101727589953
8650,0.169171610051096
8651,0.329587395321081
8652,0.370724947569948
8653,0.344543919553969
8654,0.446350173800033
8655,0.2140649238118
8656,0.401997422356483
8657,0.125308300457938
8658,0.323090269914266
8659,0.488772700680347
8660,0.359814742831279
8661,0.5216992842391
8662,0.308454654316903
8663,0.150638872619833
8664,0.60372325464835
8665,0.572370722597796
8666,0.403788037769984
8667,0.355121547823748
8668,0.334332816640694
8669,0.616975643908338
8670,0.460395222764199
8671,0.628145360045222
8672,0.422543898577541
8673,0.537879499710745
8674,0.497902850678508
8675,0.457028236534223
8676,0.478573457953619
8677,0.564297667853859
8678,0.36616111502254
8679,0.544651802707412
8680,0.466997434459448
8681,0.656177480365941
8682,0.536657959918706
8683,0.499592719060112
8684,0.287964448995693
8685,0.540036829004261
8686,0.610783515875785
8687,0.646137958000834
8688,0.504165800360258
8689,0.544816202311685
8690,0.490590960311407
8691,0.474528371307133
8692,0.56598423500448
8693,0.469164941528305
8694,0.457169554603026
8695,0.50256766541557
8696,0.641015877112907
8697,0.334597500459228
8698,0.387651224285668
8699,0.30191652802798
8700,0.558577764057249
8701,0.587085584223344
8702,0.44545579171238
8703,0.48915712112487
8704,0.480306530741678
8705,0.467048729818995
8706,0.628584910941511
8707,0.402701247335684
8708,0.415451862143001
8709,0.545856848656696
8710,0.5560029485294
8711,0.616338079528975
8712,0.326721151695688
8713,0.571521988572949
8714,0.533245907002817
8715,0.514578647103915
8716,0.597901350282561
8717,0.268062452716451
8718,0.520584113286731
8719,0.561001625157547
8720,0.400982936146183
8721,0.5184456957803
8722,0.450696664902889
8723,0.55219975097381
8724,0.33628804150741
8725,0.511535388206737
8726,0.626663493584836
8727,0.419862352199556
8728,0.60600567341961
8729,0.482563243746193
8730,0.366149402522165
8731,0.534564051017482
8732,0.405922573156341
8733,0.381882577998009
8734,0.545896725158597
8735,0.596919941451151
8736,0.540531401590465
8737,0.422907248364781
8738,0.419653648533525
8739,0.498761287474012
8740,0.575519478660635
8741,0.491148484115357
8742,0.524504244706099
8743,0.438099441564533
8744,0.550043093632853
8745,0.571890616526808
8746,0.623409643773566
8747,0.606399986267464
8748,0.468679226478204
8749,0.563165844839575
8750,0.512656081431379
8751,0.540618706404878
8752,0.551877937786277
8753,0.604713891055392
8754,0.64797263509178
8755,0.430467638295267
8756,0.557617613251268
8757,0.609885655640641
8758,0.505821155212
8759,0.622973944988457
8760,0.595476894697198
8761,0.552588634106333
8762,0.603129183432576
8763,0.529961749806343
8764,0.606910891238305
8765,0.635674313574931
8766,0.51557826476802
8767,0.338433870929956
8768,0.471358338230944
8769,0.446338489056444
8770,0.600695088877669
8771,0.463169812063857
8772,0.437440694552662
8773,0.506637764004855
8774,0.538080654850026
8775,0.547082635258548
8776,0.556620497038616
8777,0.702029802927233
8778,0.477404623401112
8779,0.49691861841561
8780,0.540984133360861
8781,0.49120108867588
8782,0.561095304048071
8783,0.503339271055289
8784,0.437607425712708
8785,0.499231303562887
8786,0.615409855855987
8787,0.515414925778126
8788,0.569560986209087
8789,0.518257106029259
8790,0.496392865791672
8791,0.550180690062964
8792,0.51166598738093
8793,0.541068330278439
8794,0.484216886246207
8795,0.47430432351658
8796,0.563746744070404
8797,0.604397606879035
8798,0.611410355283264
8799,0.453783383288141
8800,0.571580519497067
8801,0.55378723049905
8802,0.550182610242785
8803,0.540154598720227
8804,0.486825309038056
8805,0.408781609662106
8806,0.564045053680845
8807,0.494140533185541
8808,0.408392697486783
8809,0.39310303911022
8810,0.648225386174252
8811,0.555893144056013
8812,0.54509610348052
8813,0.577116948428131
8814,0.509814947824735
8815,0.721095613643196
8816,0.364789682854157
8817,0.508082057472238
8818,0.42813557351265
8819,0.226710784187153
8820,0.195711248321346
8821,0.314641459745612
8822,0.429438442673526
8823,0.351216790662802
8824,0.417748728127029
8825,0.367642009916813
8826,0.420778255808642
8827,0.275554378366459
8828,0.287888008647221
8829,0.365030300466466
8830,0.345911856654541
8831,0.203463091686378
8832,0.19110141661352
8833,0.339065154126745
8834,0.228505879266543
8835,0.348123149647536
8836,0.266298870340511
8837,0.19618000729919
8838,0.1210944410697
8839,0.369027509907456
8840,0.364374351076398
8841,0.359774994928565
8842,0.420416387354906
8843,0.62698441438128
8844,0.539948915278145
8845,0.395434778738438
8846,0.498387657676424
8847,0.524048212129429
8848,0.51413083641988
8849,0.457696821180383
8850,0.623036496473768
8851,0.540730181240533
8852,0.36458807322754
8853,0.549669602954778
8854,0.548798304568142
8855,0.541501190801793
8856,0.40507196655243
8857,0.487709831785183
8858,0.27648002447032
8859,0.361825598392877
8860,0.369185116149298
8861,0.579698922082167
8862,0.213513176391844
8863,0.331429529978704
8864,0.383191721788865
8865,0.408364197144962
8866,0.427444612150443
8867,0.436384233873821
8868,0.261575076513371
8869,0.333746797864265
8870,0.323305124591983
8871,0.37181849575965
8872,0.23829259966963
8873,0.310875231821493
8874,0.425079530046982
8875,0.382840112875513
8876,0.211397091998504
8877,0.416884204536147
8878,0.203870291081671
8879,0.646753084466871
8880,0.604066340061135
8881,0.50875550154484
8882,0.625566621782377
8883,0.704493841727395
8884,0.703227145321178
8885,0.566261041095171
8886,0.557411757113887
8887,0.544757353433464
8888,0.526149353269711
8889,0.610777728857248
8890,0.669359678946724
8891,0.525308778946597
8892,0.5372036817038
8893,0.532278357986732
8894,0.546309348652813
8895,0.680868417931626
8896,0.544871592229886
8897,0.707368130487468
8898,0.519732288548439
8899,0.478609697670054
8900,0.631648295538892
8901,0.569392568174098
8902,0.491361428798583
8903,0.464908761100325
8904,0.390105209639296
8905,0.333718999815756
8906,0.415112586799317
8907,0.508637872673762
8908,0.543602453837739
8909,0.70393119936405
8910,0.517975197996989
8911,0.356306599609194
8912,0.291160108388363
8913,0.46715806901071
8914,0.635640824656273
8915,0.518955915921821
8916,0.333987337570523
8917,0.569639420319813
8918,0.431093862850165
8919,0.507399080005487
8920,0.558672021503101
8921,0.668243949998878
8922,0.497936232890922
8923,0.281449278954198
8924,0.201103542282333
8925,0.592214044840364
8926,0.343425242556872
8927,0.404683625640687
8928,0.362879874101777
8929,0.316215846867327
8930,0.303111559423333
8931,0.389202658428573
8932,0.246897401667256
8933,0.366691347899784
8934,0.277002146906722
8935,0.303735244303748
8936,0.180959420851804
8937,0.402760747455916
8938,0.279799606364028
8939,0.283485836677171
8940,0.489507785295919
8941,0.45627478843802
8942,0.404677887210409
8943,0.556262563895449
8944,0.493085673600805
8945,0.320898528443009
8946,0.559009984986298
8947,0.441249689825592
8948,0.357004761356601
8949,0.516417793425752
8950,0.53818710566178
8951,0.333336520239922
8952,0.3197923619825
8953,0.418154593340183
8954,0.641716223835573
8955,0.545433274768862
8956,0.609761234189574
8957,0.389160865967766
8958,0.432488414411437
8959,0.429681934383348
8960,0.558002245122171
8961,0.468858320491632
8962,0.310008255589907
8963,0.429903975571478
8964,0.424266084478191
8965,0.48651952842031
8966,0.477258844419655
8967,0.367720887566046
8968,0.574868440273646
8969,0.56926562407389
8970,0.539849148425953
8971,0.362308926629701
8972,0.424852892300891
8973,0.372259164491267
8974,0.593341266237204
8975,0.519350114013779
8976,0.40021564238578
8977,0.521839342253714
8978,0.481739543368579
8979,0.382180329988844
8980,0.548369090501443
8981,0.417936734149985
8982,0.398810538222028
8983,0.286972822889681
8984,0.265590043148375
8985,0.552141477335808
8986,0.487756414999812
8987,0.523546304624215
8988,0.455005261006688
8989,0.394174546556284
8990,0.41432697674185
8991,0.480906937316229
8992,0.44501522039539
8993,0.440545192282883
8994,0.441377519571496
8995,0.562360602828577
8996,0.366126138732204
8997,0.412738986719203
8998,0.515289555083185
8999,0.393209683529411
9000,0.577910764883111
9001,0.394492806127027
9002,0.453471069676064
9003,0.638296528341432
9004,0.512474005501256
9005,0.595121197694727
9006,0.354852926047051
9007,0.400761033230528
9008,0.34844865794958
9009,0.495062852169739
9010,0.504275740961755
9011,0.492720644238675
9012,0.397339449816326
9013,0.45586808014062
9014,0.487160896034001
9015,0.499365960204825
9016,0.593961470499184
9017,0.474798146345849
9018,0.528090436513451
9019,0.502211753908277
9020,0.503221760100571
9021,0.574815617796503
9022,0.561612514639813
9023,0.625511500487945
9024,0.438624577910849
9025,0.55071431361394
9026,0.512427712420626
9027,0.595065785812917
9028,0.625895981276448
9029,0.570972890843165
9030,0.424090866774687
9031,0.446472445209013
9032,0.53730197452558
9033,0.50042417956617
9034,0.589052749357811
9035,0.538845355166096
9036,0.414824593410198
9037,0.633827729679262
9038,0.445367595440244
9039,0.54783336853305
9040,0.522349012726912
9041,0.499234946683096
9042,0.503751706070657
9043,0.436504295512733
9044,0.265462699131717
9045,0.517856506458445
9046,0.582454077881036
9047,0.406753040474225
9048,0.500459561212286
9049,0.461914637059971
9050,0.479371778698407
9051,0.464953086673323
9052,0.602104705969444
9053,0.445621119460832
9054,0.465757643368459
9055,0.399148105488446
9056,0.517945305653554
9057,0.465361190168432
9058,0.519903364148353
9059,0.553253522886094
9060,0.540309260451488
9061,0.558015412328305
9062,0.60168762995347
9063,0.393448318070105
9064,0.415996744790725
9065,0.414679880397666
9066,0.461263543806458
9067,0.331947395898693
9068,0.50968208708307
9069,0.348196245597596
9070,0.566788224715516
9071,0.60292944226883
9072,0.546049404951464
9073,0.46406952534853
9074,0.528634394671818
9075,0.454842411965342
9076,0.506195435200219
9077,0.580766082128231
9078,0.481612847750713
9079,0.403163395860232
9080,0.662647383950268
9081,0.508563600052412
9082,0.576555795430668
9083,0.38581804454547
9084,0.329219332568431
9085,0.745539207761952
9086,0.397940082731132
9087,0.39708008491697
9088,0.536661688836592
9089,0.424432690854422
9090,0.436960439929805
9091,0.110110146671826
9092,0.330050519518373
9093,0.434077931209026
9094,0.167159030087217
9095,0.310047735858958
9096,0.346018096640166
9097,0.383227817528243
9098,0.383015159577365
9099,0.31669678126101
9100,0.162632829908432
9101,0.409956216174757
9102,0.279532131055656
9103,0.314909215426663
9104,0.236645540975725
9105,0.253447924002697
9106,0.227889901289984
9107,0.377060046901153
9108,0.48697897993797
9109,0.360485258181273
9110,0.330180202493863
9111,0.505317848047731
9112,0.550485185916396
9113,0.619974493855613
9114,0.363156276732242
9115,0.539618738330538
9116,0.399439642966593
9117,0.426081855609792
9118,0.517299045890533
9119,0.480479003806209
9120,0.523384717131275
9121,0.699923836100564
9122,0.419136556772726
9123,0.518196462664997
9124,0.41776256554281
9125,0.343286273562626
9126,0.699706229144291
9127,0.576782518121693
9128,0.266540155787071
9129,0.530535851027597
9130,0.584691474975625
9131,0.205251370671794
9132,0.215937313365642
9133,0.304200684813267
9134,0.454337731229332
9135,0.590148180138808
9136,0.211691817837087
9137,0.348342693421923
9138,0.349670798684882
9139,0.431141601787149
9140,0.187240229036566
9141,0.575884454896819
9142,0.25492731882768
9143,0.23500086428437
9144,0.353629491539371
9145,0.328701059984438
9146,0.228349909586511
9147,0.368679740228626
9148,0.341664033074157
9149,0.188037247502637
9150,0.1211791424221
9151,0.0780278289115992
9152,0.380967054886494
9153,0.723399465078753
9154,0.434913597360783
9155,0.606792772678589
9156,0.553245211207274
9157,0.508047400631334
9158,0.601620342196685
9159,0.70551646750236
9160,0.716657319966996
9161,0.58289172196471
9162,0.439369805754467
9163,0.563795293296497
9164,0.608878548692138
9165,0.661980507299372
9166,0.512416801084793
9167,0.643742868277705
9168,0.453161290050363
9169,0.588076942170099
9170,0.591957566045868
9171,0.667457923915723
9172,0.664244672368303
9173,0.733320356178917
9174,0.585494750956709
9175,0.537014208346198
9176,0.4862492247858
9177,0.56403043732889
9178,0.457157348684006
9179,0.544766602364447
9180,0.370708132623508
9181,0.35490305842048
9182,0.387986690262737
9183,0.574099994063206
9184,0.529899594069037
9185,0.434750554118162
9186,0.590035565726939
9187,0.422229299548423
9188,0.48569206025469
9189,0.526869931036003
9190,0.475074557941185
9191,0.462673971479966
9192,0.433738356140298
9193,0.503472654043212
9194,0.348568251426804
9195,0.574909816051471
9196,0.503075627600002
9197,0.198752858365941
9198,0.380803591174578
9199,0.37225203395463
9200,0.417066586973011
9201,0.478893235131352
9202,0.29239169186644
9203,0.503623227219348
9204,0.428770397116626
9205,0.570143818850326
9206,0.451346529538717
9207,0.513266751182527
9208,0.441713062018703
9209,0.468059963096436
9210,0.366491812153299
9211,0.472670687866646
9212,0.531105186246664
9213,0.479558636302219
9214,0.610131404203087
9215,0.492140760113956
9216,0.499837181624258
9217,0.33340381241126
9218,0.323974730947849
9219,0.520922234597117
9220,0.550492678790991
9221,0.391517195922017
9222,0.400013514672484
9223,0.569435062782394
9224,0.381846709627293
9225,0.51927572412384
9226,0.325995028732308
9227,0.524260329860594
9228,0.508229808977035
9229,0.419264194098413
9230,0.515330417597714
9231,0.263275500631365
9232,0.473722536113497
9233,0.479008938984623
9234,0.352308054450818
9235,0.445644657941747
9236,0.376704231918751
9237,0.309785366136953
9238,0.431639043398385
9239,0.39386219951317
9240,0.540366014206159
9241,0.378660867285273
9242,0.395104267681076
9243,0.45586610651489
9244,0.49300004988317
9245,0.574744880484613
9246,0.492281588064769
9247,0.332890222091301
9248,0.443427340199454
9249,0.507049098311314
9250,0.561913728427542
9251,0.521757889559265
9252,0.243141734465605
9253,0.452705484762735
9254,0.282168634962718
9255,0.492346165956174
9256,0.54951107369723
9257,0.366701384086517
9258,0.246979437583577
9259,0.44865772583385
9260,0.431883011137506
9261,0.435054926725871
9262,0.484108569352589
9263,0.539887911775299
9264,0.484040663581644
9265,0.394746094236524
9266,0.451352806807591
9267,0.497727260719665
9268,0.514781117344862
9269,0.495760586328171
9270,0.435043592860663
9271,0.604711434836271
9272,0.519832390323326
9273,0.582602546514956
9274,0.547213545300042
9275,0.455046354237596
9276,0.372551984885823
9277,0.51846712319691
9278,0.475095971417488
9279,0.369514313705993
9280,0.560479447800419
9281,0.44695764613129
9282,0.396683308413118
9283,0.568688320300632
9284,0.500679562882751
9285,0.296475038805247
9286,0.561150946538543
9287,0.458116147516782
9288,0.496450878235013
9289,0.493899326554695
9290,0.508549996023325
9291,0.572779935245417
9292,0.531925582393377
9293,0.585611798084878
9294,0.601760569697356
9295,0.541558090908375
9296,0.427741301717019
9297,0.468147776684333
9298,0.593850069214763
9299,0.628455557432245
9300,0.551267500521371
9301,0.550222883776808
9302,0.485016023369686
9303,0.586468638984778
9304,0.516087624234434
9305,0.489399761367285
9306,0.427836418988855
9307,0.537916692776798
9308,0.275558396311711
9309,0.48242583431534
9310,0.597676586682968
9311,0.522480086998388
9312,0.53600263430352
9313,0.463770568825118
9314,0.559546561344508
9315,0.510158783281711
9316,0.35075736990282
9317,0.378704164298981
9318,0.520583421222794
9319,0.402267784809358
9320,0.617822564856656
9321,0.478453703604104
9322,0.56342329582399
9323,0.535401646008829
9324,0.42433164788396
9325,0.43773868613812
9326,0.575352595906798
9327,0.360420935083964
9328,0.520827499728508
9329,0.354163645578589
9330,0.304773335440118
9331,0.472681942225107
9332,0.41537730524945
9333,0.303607817747492
9334,0.413598733964023
9335,0.294342620415209
9336,0.508637358370058
9337,0.361039203283788
9338,0.45030045351078
9339,0.618168785274232
9340,0.548785881348265
9341,0.486284864504589
9342,0.505410521447961
9343,0.488270517942513
9344,0.493964892200359
9345,0.504522212791116
9346,0.601793476884014
9347,0.584709869320521
9348,0.615449149149234
9349,0.285572113181321
9350,0.0810957127844747
9351,0.321763407333715
9352,0.40560714643068
9353,0.183345674581484
9354,0.256577941747925
9355,0.150477264054552
9356,0.142780655948568
9357,0.366646411378737
9358,0.375191422402178
9359,0.579777784292806
9360,0.26740098035496
9361,0.192276516082907
9362,0.186907093743397
9363,0.529871509483611
9364,0.409914368718804
9365,0.570227527466253
9366,0.266679438439951
9367,0.360353824019406
9368,0.362891834263535
9369,0.444053682780063
9370,0.478834929370804
9371,0.388595276552335
9372,0.300142833107358
9373,0.31713963447497
9374,0.408535789441956
9375,0.494908737057883
9376,0.511112379795237
9377,0.248661386125751
9378,0.535032018472854
9379,0.428247543011065
9380,0.477206160203711
9381,0.429448034149944
9382,0.39026335834316
9383,0.443527124885828
9384,0.397252162677426
9385,0.526790183298649
9386,0.535864231913919
9387,0.495507389431904
9388,0.543993081787237
9389,0.416754242974321
9390,0.475884610876085
9391,0.530069967180658
9392,0.333058319500067
9393,0.432534985586172
9394,0.554868491603357
9395,0.507516205532466
9396,0.185843767662321
9397,0.0812407145056789
9398,0.195753800787705
9399,0.296715230507314
9400,0.214555003347955
9401,0.277823484475121
9402,0.222497310754046
9403,0.152697167358352
9404,0.470687074986742
9405,0.481151513432624
9406,0.401748727536264
9407,0.44421382293804
9408,0.190279794462854
9409,0.263190774255969
9410,0.354058649768833
9411,0.381933618486477
9412,0.203151177245204
9413,0.324067018206727
9414,0.196384885507417
9415,0.382616777333945
9416,0.304938230391202
9417,0.305659983812299
9418,0.309478967275112
9419,0.234901512614316
9420,0.229014453697603
9421,0.368706059064738
9422,0.398916606364284
9423,0.445546984658001
9424,0.113212663358627
9425,0.163105322626981
9426,0.282394054981134
9427,0.452365919923097
9428,0.668239385929912
9429,0.566064272382726
9430,0.577202903329535
9431,0.423974698186647
9432,0.469410469461673
9433,0.471460171968471
9434,0.522166366765131
9435,0.54917645105132
9436,0.587777483838411
9437,0.515761661821837
9438,0.476065445315672
9439,0.38890805462708
9440,0.570076044892365
9441,0.684614662219671
9442,0.537892361005887
9443,0.475139126544575
9444,0.547939354795964
9445,0.489080774314728
9446,0.561915282207009
9447,0.586795142319793
9448,0.59303144711119
9449,0.43552028340065
9450,0.505967586989954
9451,0.267755379034224
9452,0.415502368395042
9453,0.648830144857633
9454,0.503717048920708
9455,0.627610722601589
9456,0.518284325483901
9457,0.374221480350222
9458,0.464222875169466
9459,0.646544466350878
9460,0.469613866383852
9461,0.61703862262669
9462,0.388709538643882
9463,0.494613715035706
9464,0.47070325391177
9465,0.518056184692268
9466,0.513418131768982
9467,0.511967292540416
9468,0.480980122163773
9469,0.314116816480108
9470,0.465181728127481
9471,0.460560725606966
9472,0.409048794541746
9473,0.540686747515871
9474,0.59324205521331
9475,0.520805393178052
9476,0.560352448712789
9477,0.484850244572928
9478,0.436863228102267
9479,0.300989303509627
9480,0.375289081496332
9481,0.425587528545217
9482,0.427323405930223
9483,0.59152504306563
9484,0.560605630299193
9485,0.418644570195291
9486,0.446456290772003
9487,0.412575506611317
9488,0.396128824589009
9489,0.453880928837719
9490,0.417401472687082
9491,0.649712563192322
9492,0.427623802659512
9493,0.378976659290171
9494,0.300222285018427
9495,0.391398249213001
9496,0.444785456481097
9497,0.470861711028375
9498,0.396582947074073
9499,0.331178287708224
9500,0.523817743955772
9501,0.482501623690892
9502,0.521051160998331
9503,0.411525114598363
9504,0.422569372042233
9505,0.317384698981102
9506,0.349972009508005
9507,0.48709070349192
9508,0.44851332359212
9509,0.470088244142725
9510,0.487011877150576
9511,0.524880143180049
9512,0.335062198488643
9513,0.398535391237926
9514,0.474115944587454
9515,0.412200310346292
9516,0.463404230027268
9517,0.344744473701475
9518,0.554829779509925
9519,0.456107351345754
9520,0.645327524422673
9521,0.517961029676777
9522,0.366450110860954
9523,0.54045168455585
9524,0.427472935019701
9525,0.390200469051774
9526,0.388502701659529
9527,0.460195991475412
9528,0.52430007004902
9529,0.207070288191541
9530,0.521101292274716
9531,0.425856020743905
9532,0.581637706404357
9533,0.533785261840148
9534,0.417519085597573
9535,0.589473230700659
9536,0.551757540551339
9537,0.467089385072697
9538,0.487112180418959
9539,0.567113132623117
9540,0.229325574254069
9541,0.512256609257447
9542,0.456228238868326
9543,0.476079612702132
9544,0.426871339518046
9545,0.540900067837435
9546,0.459497827732669
9547,0.543598346577588
9548,0.487544678271571
9549,0.510052515608572
9550,0.441702902794267
9551,0.236412554193864
9552,0.419387730802109
9553,0.376040280966292
9554,0.507114473104868
9555,0.435922397395608
9556,0.515249869016111
9557,0.515342930455905
9558,0.30180046899536
9559,0.437530603995435
9560,0.44000648070678
9561,0.529838756461938
9562,0.53188552324439
9563,0.344559254150448
9564,0.436450895721424
9565,0.492890746927021
9566,0.491488309858536
9567,0.621115617515004
9568,0.491096835391525
9569,0.621229796740487
9570,0.475448328378371
9571,0.432548224139625
9572,0.578693068855273
9573,0.521061794270044
9574,0.520222749655036
9575,0.518173976816564
9576,0.334063813647059
9577,0.580186188852526
9578,0.547357995263598
9579,0.520396947092405
9580,0.419990779315997
9581,0.53178442660511
9582,0.395606604207057
9583,0.50592653689844
9584,0.550016854300036
9585,0.292748031238897
9586,0.467852428202258
9587,0.317210282455297
9588,0.51238516252505
9589,0.504293316328475
9590,0.395614464100524
9591,0.438829420590632
9592,0.477587947920162
9593,0.403015282769866
9594,0.295098212774562
9595,0.383816808111314
9596,0.281187962360342
9597,0.417388318082039
9598,0.425028123287919
9599,0.46594622045762
9600,0.526210894146045
9601,0.38166887928688
9602,0.541280866020706
9603,0.512245529712172
9604,0.526594017987753
9605,0.567408125796453
9606,0.416784836483687
9607,0.47557768997109
9608,0.540099601808899
9609,0.333146105996657
9610,0.443265017815464
9611,0.448695091932453
9612,0.414366507789657
9613,0.309498266055115
9614,0.268056932731582
9615,0.526033083048579
9616,0.516465428780829
9617,0.48193296941622
9618,0.403020785970743
9619,0.451051044036031
9620,0.293861773557362
9621,0.472156549564687
9622,0.48427548617313
9623,0.529773619772701
9624,0.216907369088123
9625,0.165205970464884
9626,0.12889626435593
9627,0.500172213283935
9628,0.211201354282615
9629,0.587716151619415
9630,0.196129657457103
9631,0.347525679109357
9632,0.19397586278664
9633,0.492180575260834
9634,0.425892606924191
9635,0.232317871375765
9636,0.185806028623885
9637,0.267110158779065
9638,0.0944731033490452
9639,0.455408711426451
9640,0.277760873552876
9641,0.409481683400167
9642,0.436657910870593
9643,0.402982333269897
9644,0.403233689343122
9645,0.444498521350575
9646,0.437584592208024
9647,0.366656982686763
9648,0.442587033781427
9649,0.408949425369255
9650,0.40458994414172
9651,0.389166198374453
9652,0.526906709633946
9653,0.598549649206802
9654,0.570274954714991
9655,0.230225332716799
9656,0.188150634152959
9657,0.409023120000692
9658,0.361657605334265
9659,0.18828409057716
9660,0.156643492025785
9661,0.250697313882295
9662,0.321811722653335
9663,0.312579902122738
9664,0.394284566451215
9665,0.344650509078434
9666,0.100393982241034
9667,0.0872556112014944
9668,0.270611772635426
9669,0.230393129776567
9670,0.137154966643041
9671,0.423184461173784
9672,0.109657462144757
9673,0.153596748457725
9674,0.225922605227835
9675,0.271434192524269
9676,0.218220601249723
9677,0.345962140379919
9678,0.368841327800669
9679,0.125251308525909
9680,0.285233609173807
9681,0.254854291660768
9682,0.299585318640826
9683,0.186932939282224
9684,0.333147965558676
9685,0.399721867709231
9686,0.186436465811697
9687,0.281178680529701
9688,0.261077262198142
9689,0.331456566667649
9690,0.396422467761169
9691,0.181558159906216
9692,0.0995928016060456
9693,0.345071727818234
9694,0.306919964452409
9695,0.292407674175049
9696,0.220426047772781
9697,0.0720977828779669
9698,0.199293411328679
9699,0.326374332179538
9700,0.289579774069969
9701,0.65879940175794
9702,0.537627594578775
9703,0.508428707171215
9704,0.443104992161669
9705,0.707369415662604
9706,0.650559243911184
9707,0.618320990599691
9708,0.509920613072419
9709,0.336091443925972
9710,0.522147688888261
9711,0.624147583732569
9712,0.536404690668363
9713,0.654157063872639
9714,0.556198436916547
9715,0.597452390437659
9716,0.327152264213687
9717,0.458434064047585
9718,0.442400520692541
9719,0.432154802988713
9720,0.498234884461433
9721,0.60736282986804
9722,0.487057380814401
9723,0.537297974928074
9724,0.516209445796843
9725,0.545707889508422
9726,0.46024966513112
9727,0.384013682979154
9728,0.404196913467152
9729,0.464938653442282
9730,0.5265899392491
9731,0.523759711225899
9732,0.330238428916024
9733,0.379640853794114
9734,0.399305766964918
9735,0.378621368569137
9736,0.413836119625677
9737,0.474360320195497
9738,0.491689256962586
9739,0.520135786658668
9740,0.484713952064358
9741,0.419626271630719
9742,0.534628558357604
9743,0.471082189903197
9744,0.418533776840139
9745,0.348818811499266
9746,0.438318483097567
9747,0.297528336772087
9748,0.383476601122773
9749,0.532329377403396
9750,0.473051959955143
9751,0.359473296631345
9752,0.325784260479144
9753,0.47099751121919
9754,0.443629465431611
9755,0.424629095233733
9756,0.362057761432129
9757,0.488535337572885
9758,0.395965235377654
9759,0.442330238211073
9760,0.392692962558337
9761,0.473177356128148
9762,0.483347439885969
9763,0.213025319922346
9764,0.163978812561283
9765,0.439428427487403
9766,0.392699375887073
9767,0.424458600116128
9768,0.331384237793134
9769,0.290870558042762
9770,0.274927141950113
9771,0.444900844835234
9772,0.399805415620187
9773,0.54872502497943
9774,0.398494285929175
9775,0.232542534208394
9776,0.523952025784741
9777,0.526413598294663
9778,0.421789095879438
9779,0.562937826793732
9780,0.161132068455983
9781,0.230945268169632
9782,0.434506105073587
9783,0.362323133706107
9784,0.555963346092496
9785,0.293088332510482
9786,0.526282139724777
9787,0.37880889768525
9788,0.522236551380134
9789,0.436567278147729
9790,0.325527286581362
9791,0.585309267611017
9792,0.478475492341627
9793,0.425928036970647
9794,0.380566517999515
9795,0.501883517108974
9796,0.285456289411012
9797,0.469505370158973
9798,0.240324575756979
9799,0.305569683191802
9800,0.460788312542243
9801,0.362533168481268
9802,0.439971972546422
9803,0.490610911516602
9804,0.353879808804797
9805,0.471881506730996
9806,0.346931760546749
9807,0.520763167735122
9808,0.473526153384872
9809,0.29091946965271
9810,0.433091072922628
9811,0.51624761035423
9812,0.314991400063007
9813,0.321859343081879
9814,0.49412611281011
9815,0.433913836637354
9816,0.400315207122572
9817,0.398597967742973
9818,0.319772601062226
9819,0.507854026231783
9820,0.509623589811283
9821,0.430908609266289
9822,0.505331522440005
9823,0.45527130813779
9824,0.136849071533288
9825,0.444797771289785
9826,0.457048771426806
9827,0.477494506189208
9828,0.312732195395691
9829,0.290378973996084
9830,0.262137283108918
9831,0.448178169684127
9832,0.513187243733722
9833,0.113357320213921
9834,0.460548501373931
9835,0.391915665614971
9836,0.287445241912148
9837,0.463073352391678
9838,0.453254198116343
9839,0.368006010471375
9840,0.404489005765353
9841,0.46520227665173
9842,0.4311696317838
9843,0.499142275628576
9844,0.464932796479096
9845,0.520427220948061
9846,0.584686647416376
9847,0.353158293141116
9848,0.514157523889379
9849,0.528778905486752
9850,0.59549489856269
9851,0.532212936104129
9852,0.473351681149021
9853,0.434968409003109
9854,0.486586736978529
9855,0.446653709087398
9856,0.526352991598218
9857,0.470706839902878
9858,0.330741533722402
9859,0.358731670468715
9860,0.355208422808014
9861,0.50363573517879
9862,0.460512100042316
9863,0.371113861990502
9864,0.427646578384613
9865,0.425463746540489
9866,0.256704691580213
9867,0.511159377854097
9868,0.471470120105069
9869,0.369964227408425
9870,0.494597430018971
9871,0.469813406924568
9872,0.509137836521402
9873,0.408029295044243
9874,0.443186908355385
9875,0.417255984800306
9876,0.447584893718886
9877,0.345513813750534
9878,0.385407856867522
9879,0.618789707145681
9880,0.346712873521646
9881,0.454894029306346
9882,0.197401053228864
9883,0.121149284215828
9884,0.106655363427
9885,0.423996726449906
9886,0.372011528137698
9887,0.278693571414041
9888,0.287248047943255
9889,0.188253188257203
9890,0.232128780410086
9891,0.345810574774315
9892,0.311945770959037
9893,0.579255534566265
9894,0.195558682813693
9895,0.490873558448799
9896,0.437548115412416
9897,0.323856373392226
9898,0.394989750637018
9899,0.502338136936531
9900,0.482937390599667
9901,0.468228936803224
9902,0.381339611389848
9903,0.41383255841076
9904,0.489247482745182
9905,0.434596335675561
9906,0.451993590206162
9907,0.274232956277524
9908,0.479422080902893
9909,0.38511437201967
9910,0.257723559866038
9911,0.180853183505829
9912,0.173268309021828
9913,0.417577964920807
9914,0.216226180100932
9915,0.344478523272292
9916,0.246755278313395
9917,0.390966158393816
9918,0.196194315907286
9919,0.0989094408325814
9920,0.236306354752573
9921,0.239580240491245
9922,0.366247588437258
9923,0.360002166173166
9924,0.233069157084206
9925,0.270628345093553
9926,0.216573413687001
9927,0.410533232918077
9928,0.242848553325526
9929,0.543431006299812
9930,0.332526416582497
9931,0.298898331447981
9932,0.254346135014683
9933,0.317175869819787
9934,0.197863314912016
9935,0.293692981704364
9936,0.167357586695796
9937,0.31326712350377
9938,0.394179347213738
9939,0.335239525502837
9940,0.265325077655191
9941,0.218917902259549
9942,0.255253740408919
9943,0.308364602527692
9944,0.328349215579414
9945,0.18311684924387
9946,0.117354702538596
9947,0.171480812845588
9948,0.368088035450324
9949,0.271728622876967
9950,0.189093533908724
9951,0.308123475663838
9952,0.217069233087407
9953,0.137971993719497
9954,0.267650806724609
9955,0.21318120071646
9956,0.268334837073033
9957,0.417905606629026
9958,0.125232502022385
9959,0.273079714617448
9960,0.162024604709156
9961,0.107583606566266
9962,0.167276835366286
9963,0.366505795979171
9964,0.194630853068936
9965,0.33092532173392
9966,0.171633749069286
9967,0.14978149017128
9968,0.194135817909294
9969,0.399748635580041
9970,0.486575275098644
9971,0.273092954908572
9972,0.475166488256948
9973,0.524077568155908
9974,0.476351734031113
9975,0.551115992394352
9976,0.540184611589012
9977,0.574187133599877
9978,0.4826990277227
9979,0.489606705146127
9980,0.592903070797678
9981,0.479471304976728
9982,0.484638730857524
9983,0.406111032881295
9984,0.565654336841466
9985,0.303883880753874
9986,0.411292221451283
9987,0.414045704848374
9988,0.512159185892338
9989,0.440210472021875
9990,0.394350098048008
9991,0.415698954919697
9992,0.476257366526574
9993,0.520528519681276
9994,0.509112851359776
9995,0.532937657185764
9996,0.2856614750248
9997,0.528732747016203
9998,0.302502848615874
9999,0.324044917226585
10000,0.481954974226668
10001,0.49866508366042
10002,0.264430458383425
10003,0.465714328163202
10004,0.432046825765092
10005,0.560699443909971
10006,0.46244117810794
10007,0.369315915860035
10008,0.325107648577436
10009,0.307351466096271
10010,0.467982760823573
10011,0.448048129149376
10012,0.487170904777678
10013,0.568698200527191
10014,0.487778856668767
10015,0.470298200081268
10016,0.404509669134391
10017,0.428931186204928
10018,0.366823315034735
10019,0.466843463804234
10020,0.422481791776081
10021,0.358341875681507
10022,0.177787998694766
10023,0.43850186404598
10024,0.50832936228301
10025,0.499570124436132
10026,0.305770959830496
10027,0.232826826626453
10028,0.143657133352894
10029,0.312881914376686
10030,0.411415347513648
10031,0.296754833751929
10032,0.582181415354323
10033,0.49317333124688
10034,0.347224114701873
10035,0.392230094545491
10036,0.391624259526739
10037,0.259711830545068
10038,0.506183882252726
10039,0.499619938969169
10040,0.286342586404104
10041,0.386996747181569
10042,0.455897665520693
10043,0.264838666306115
10044,0.367399692321507
10045,0.155492377595979
10046,0.206574926875152
10047,0.439544263635241
10048,0.23586508581051
10049,0.508103586397754
10050,0.397386715505048
10051,0.487899507342651
10052,0.513127469478299
10053,0.457097613550512
10054,0.405983344749159
10055,0.605134248176683
10056,0.40137939210665
10057,0.282948965405188
10058,0.410087790005298
10059,0.426551397322013
10060,0.344130729153052
10061,0.455958514163327
10062,0.447835716667014
10063,0.416932155549016
10064,0.298861851837676
10065,0.434673583960013
10066,0.3454935337056
10067,0.402199619401094
10068,0.229801281160169
10069,0.473817187010233
10070,0.403502467544567
10071,0.547298423885714
10072,0.285223920677768
10073,0.356872817268206
10074,0.188776781597974
10075,0.454617753278158
10076,0.22105956535711
10077,0.270873217347278
10078,0.477191384678345
10079,0.203805798350756
10080,0.329304888872545
10081,0.322399397182822
10082,0.475639177296327
10083,0.426856476735289
10084,0.41239929028185
10085,0.267260128996335
10086,0.204071266311019
10087,0.312364626336826
10088,0.476814005443905
10089,0.508812505463159
10090,0.387610390934336
10091,0.346723790380598
10092,0.406343161222963
10093,0.509156769502108
10094,0.441712912759718
10095,0.35143487790563
10096,0.273265328323807
10097,0.48493837866576
10098,0.274192524560871
10099,0.539799789523634
10100,0.468108658239102
10101,0.397705878629804
10102,0.405720553984767
10103,0.362132694552758
10104,0.306950674053011
10105,0.449157173341813
10106,0.104568843593901
10107,0.384568700446329
10108,0.311823208640692
10109,0.21496516240759
10110,0.415115458044023
10111,0.274800518006575
10112,0.292782715115209
10113,0.467030220775379
10114,0.328022922192648
10115,0.609204383107964
10116,0.36000457666259
10117,0.486159872703743
10118,0.557183749072015
10119,0.446738310212524
10120,0.458658729997293
10121,0.419324493239134
10122,0.487768922916115
10123,0.437423845650503
10124,0.452740618249264
10125,0.59592237679722
10126,0.602150765260692
10127,0.455877604830964
10128,0.35224213604864
10129,0.55570171768765
10130,0.393220639301338
10131,0.459939351793387
10132,0.535917084998374
10133,0.346790468391784
10134,0.477888240459677
10135,0.287590993621931
10136,0.473843065251196
10137,0.373047747358625
10138,0.37872815019632
10139,0.520010168714991
10140,0.416045500163791
10141,0.413869704058905
10142,0.425805325676301
10143,0.392329708891976
10144,0.417765934957242
10145,0.585311290724029
10146,0.243674668304856
10147,0.373276294557274
10148,0.506936480492263
10149,0.522475050538856
10150,0.543229205212233
10151,0.350244062169249
10152,0.343225480825729
10153,0.486298945960268
10154,0.387567862902812
10155,0.416060091723925
10156,0.433765281420438
10157,0.225052986140583
10158,0.321363708303131
10159,0.42206631598177
10160,0.33476779794728
10161,0.501061920469303
10162,0.457713481196085
10163,0.420120238445584
10164,0.339837761946351
10165,0.405701437497747
10166,0.127418424627645
10167,0.383702640197334
10168,0.48623118033507
10169,0.310689434148793
10170,0.2672361064708
10171,0.477546278689427
10172,0.356484566257326
10173,0.462363439820463
10174,0.370138013829835
10175,0.315820983404886
10176,0.415559182980836
10177,0.17511153426215
10178,0.183228768789647
10179,0.353930634633539
10180,0.220485283720352
10181,0.225923474182504
10182,0.365151547350666
10183,0.271433600740343
10184,0.210829540361718
10185,0.15656522251991
10186,0.308315844710604
10187,0.287559353338941
10188,0.288321952622777
10189,0.182859139953213
10190,0.348733557483667
10191,0.261595120996316
10192,0.182544019330949
10193,0.442554597525397
10194,0.114176143253006
10195,0.185984760049357
10196,0.329379609660786
10197,0.318181206335343
10198,0.188000639456055
10199,0.179586613684167
10200,0.265691943040117
10201,0.272911242694752
10202,0.125911951008513
10203,0.309045287201598
10204,0.331452460913555
10205,0.327503323493484
10206,0.298055879423232
10207,0.287892472328774
10208,0.268173963197234
10209,0.353932137438415
10210,0.385614073683008
10211,0.171925722826548
10212,0.269079818496316
10213,0.186108281063153
10214,0.382898935921499
10215,0.38934672845087
10216,0.311014261330128
10217,0.378495855689706
10218,0.274016251922145
10219,0.291172526943645
10220,0.266200182936462
10221,0.336943051899251
10222,0.272631866575833
10223,0.256669809086478
10224,0.191011672736693
10225,0.258402208205047
10226,0.285129260288974
10227,0.395148962413534
10228,0.37183164831345
10229,0.519755512173838
10230,0.255393986939389
10231,0.467996051227189
10232,0.451373471821421
10233,0.352142671599047
10234,0.578265603830941
10235,0.141802597425638
10236,0.283888489228948
10237,0.298255472946231
10238,0.371395052463946
10239,0.497873379129969
10240,0.364567159317077
10241,0.424928015918774
10242,0.226534828419589
10243,0.470705527869254
10244,0.376498612545661
10245,0.293677597594374
10246,0.200968437613806
10247,0.502364867437283
10248,0.30914354662897
10249,0.516169811124352
10250,0.514846815476447
10251,0.472272342683065
10252,0.510464043115906
10253,0.540035782423478
10254,0.489328390645505
10255,0.399799830195124
10256,0.4428360598189
10257,0.42779900866267
10258,0.325479869870961
10259,0.542119929820184
10260,0.411263186994882
10261,0.463655709247692
10262,0.468890113462402
10263,0.46584461493856
10264,0.466314076469611
10265,0.435362097244352
10266,0.443065444760927
10267,0.390337015392393
10268,0.435859192093419
10269,0.456312398717359
10270,0.465262615371007
10271,0.354182263536591
10272,0.354716921096504
10273,0.434585260828423
10274,0.358892488090044
10275,0.339941435008114
10276,0.452137366451185
10277,0.331289193171071
10278,0.436005780589931
10279,0.335800660384386
10280,0.414328268198184
10281,0.390206582885592
10282,0.51511270739217
10283,0.235506239058295
10284,0.346369874900267
10285,0.384615428547257
10286,0.475886438113658
10287,0.379592449198953
10288,0.38800583584709
10289,0.267183010550588
10290,0.262529404187268
10291,0.434040933702955
10292,0.429781610690184
10293,0.383808814487577
10294,0.467882684384276
10295,0.275797790673774
10296,0.219253693082049
10297,0.28107001324014
10298,0.360232583394749
10299,0.246605146636731
10300,0.19552189097115
10301,0.426475950374019
10302,0.412251571496717
10303,0.526697742471828
10304,0.346854893538005
10305,0.243904698777561
10306,0.391648522057751
10307,0.393233330812674
10308,0.359795709181771
10309,0.33898224244149
10310,0.292225284150614
10311,0.36228604022206
10312,0.400003392460138
10313,0.290950286240923
10314,0.39914181349698
10315,0.353965741143392
10316,0.372121593278947
10317,0.405241409786339
10318,0.443511993165514
10319,0.366693000616485
10320,0.47238414849112
10321,0.298439806567511
10322,0.51341946391111
10323,0.422527725900442
10324,0.244256613613738
10325,0.433368773766792
10326,0.386908684296275
10327,0.439555638435346
10328,0.35956034632051
10329,0.41339215771867
10330,0.470888984074332
10331,0.268763999965753
10332,0.261658244549449
10333,0.304702873939027
10334,0.430069797623203
10335,0.392015076144693
10336,0.482160517930157
10337,0.432468577666714
10338,0.325211593702446
10339,0.370740376926595
10340,0.190471980218268
10341,0.161178998045424
10342,0.364547211585445
10343,0.34751564672183
10344,0.435611283310958
10345,0.367717284859599
10346,0.452652355347649
10347,0.388555339819314
10348,0.358582681649958
10349,0.227981192633988
10350,0.236335491392982
10351,0.258195813500585
10352,0.332002669177832
10353,0.450515664263797
10354,0.465299250716756
10355,0.519194648410267
10356,0.340009812553054
10357,0.466655037464493
10358,0.401390921370238
10359,0.419296688253944
10360,0.320924713490701
10361,0.370687279194403
10362,0.40161272142274
10363,0.375797660222479
10364,0.301395807663226
10365,0.299581871990762
10366,0.360449597929875
10367,0.365591675995288
10368,0.199312233897108
10369,0.312094638961275
10370,0.405096048268917
10371,0.420686151131683
10372,0.313469724799519
10373,0.410406339403634
10374,0.399597872884816
10375,0.411074994057072
10376,0.250051730063505
10377,0.334466116145699
10378,0.410194409793011
10379,0.277364364589366
10380,0.401370695287773
10381,0.41654530730149
10382,0.328984464573363
10383,0.405882184840789
10384,0.379140355033441
10385,0.29247890769502
10386,0.22498498779152
10387,0.428966562041748
10388,0.526370157877619
10389,0.363962696925913
10390,0.454498320906715
10391,0.468449668733205
10392,0.421209744574486
10393,0.547956290012507
10394,0.341420640057642
10395,0.451544461533244
10396,0.392606997280524
10397,0.338878576441501
10398,0.465132375789688
10399,0.595455770828457
10400,0.505706706106442
10401,0.468253344337713
10402,0.445070022338535
10403,0.351784777105351
10404,0.574749067700372
10405,0.424198462246476
10406,0.50518872713674
10407,0.56894679748676
10408,0.431941736901924
10409,0.320744853948479
10410,0.373522244226046
10411,0.418895003880781
10412,0.445284938914287
10413,0.548666319921926
10414,0.489601305990375
10415,0.42622772927565
10416,0.382079866066389
10417,0.367430353691369
10418,0.476196578727134
10419,0.471387488465992
10420,0.477870935274245
10421,0.480568851772265
10422,0.374966163033772
10423,0.441944687185621
10424,0.305217891443584
10425,0.228530313301241
10426,0.39135872084848
10427,0.244948731292369
10428,0.405508199534491
10429,0.243495117071127
10430,0.189889964178315
10431,0.470940355796462
10432,0.515708252097603
10433,0.385368472122142
10434,0.552698141982729
10435,0.355684794961374
10436,0.313911136924516
10437,0.202651318687326
10438,0.627129667359889
10439,0.492082673141134
10440,0.291315088876571
10441,0.280493318117414
10442,0.35174413824147
10443,0.359604329778165
10444,0.188007813514771
10445,0.28383964514301
10446,0.182414330304031
10447,0.246028038424057
10448,0.0869960850658218
10449,0.195066823276475
10450,0.261616138295998
10451,0.351808778319201
10452,0.171326806399985
10453,0.219987717177327
10454,0.280947086811307
10455,0.315319089278885
10456,0.243780592880492
10457,0.236761749054237
10458,0.236777133285172
10459,0.25723535123007
10460,0.382251710770153
10461,0.374416101725113
10462,0.193276085131382
10463,0.214512562997075
10464,0.184018903957945
10465,0.240736905789523
10466,0.241524557602875
10467,0.328047587028414
10468,0.3685545633265
10469,0.339460458747865
10470,0.312233331970612
10471,0.298699643621433
10472,0.225934476990065
10473,0.221836041222799
10474,0.19062045377194
10475,0.272216804031494
10476,0.316683242920305
10477,0.287016698290288
10478,0.283368285301523
10479,0.364002480501778
10480,0.320007871102677
10481,0.230479562317408
10482,0.162375482665686
10483,0.253295772269973
10484,0.30628264753757
10485,0.346434441795943
10486,0.315650395046491
10487,0.149984498721513
10488,0.264600291425216
10489,0.399553072400424
10490,0.455159495448937
10491,0.428751906539653
10492,0.224974426693515
10493,0.458232295611133
10494,0.412090931699667
10495,0.4593063556337
10496,0.358315763307389
10497,0.383182269782924
10498,0.533767359572632
10499,0.288606772275705
10500,0.302181631291671
10501,0.387325623180231
10502,0.473057075179857
10503,0.423032608706543
10504,0.224694347001462
10505,0.298358603896984
10506,0.410190817438783
10507,0.215300048923237
10508,0.414775462579876
10509,0.417861252718482
10510,0.355637403686736
10511,0.432116919389661
10512,0.278444976746805
10513,0.248845352934428
10514,0.324527935729117
10515,0.498969643611164
10516,0.461766298045377
10517,0.354230524292756
10518,0.228275350431727
10519,0.403040252654503
10520,0.264477264932973
10521,0.329171022280733
10522,0.514250488502242
10523,0.362842767063644
10524,0.234072453224475
10525,0.367705585162333
10526,0.478227548638953
10527,0.403628412909553
10528,0.457302236269996
10529,0.434072509552855
10530,0.501010292458794
10531,0.422688662495594
10532,0.381589413514588
10533,0.515792380617549
10534,0.454774833426048
10535,0.391519621380397
10536,0.558342977898875
10537,0.459327676678137
10538,0.331617271424375
10539,0.417997978189904
10540,0.460859867961337
10541,0.352390661307077
10542,0.289699535700927
10543,0.499404869952656
10544,0.420276549816088
10545,0.413361546876019
10546,0.3255206068449
10547,0.35561464574104
10548,0.338277066135572
10549,0.388794068226208
10550,0.294211843206485
10551,0.226279428452031
10552,0.495398408298648
10553,0.542649738811031
10554,0.224601918350334
10555,0.296248088230339
10556,0.323426129315562
10557,0.436084190128806
10558,0.407364815124809
10559,0.339382122822814
10560,0.372473642609778
10561,0.271669231538035
10562,0.397427637287112
10563,0.361613832450927
10564,0.337358054979117
10565,0.512999676713289
10566,0.383284104807717
10567,0.301757138290949
10568,0.272701280116547
10569,0.220445955834532
10570,0.323915486097957
10571,0.38217022265079
10572,0.524103980977467
10573,0.371013139642316
10574,0.482090646388324
10575,0.501832925352621
10576,0.341720741274943
10577,0.286412335517192
10578,0.134098006817547
10579,0.328461625726465
10580,0.298074459447038
10581,0.365609059465367
10582,0.451561156523724
10583,0.309728827957108
10584,0.352863082300106
10585,0.166675087750317
10586,0.303022143019308
10587,0.29804480340478
10588,0.378517115247231
10589,0.352089707599262
10590,0.416541863358573
10591,0.222896845614848
10592,0.304792086019776
10593,0.174004666101404
10594,0.432986989109143
10595,0.502861201744301
10596,0.211414796002632
10597,0.365348510962723
10598,0.435286314078664
10599,0.384426008625468
10600,0.487796112362221
10601,0.390712483503879
10602,0.367367091723706
10603,0.305244778691832
10604,0.0949598131128072
10605,0.286789976459141
10606,0.295210640053842
10607,0.1863521081195
10608,0.277382281638057
10609,0.41341059184033
10610,0.186323150740784
10611,0.431566417641368
10612,0.252951059608581
10613,0.31069743387616
10614,0.318433248118616
10615,0.325541325108469
10616,0.460407052844885
10617,0.317712715672033
10618,0.416717075886529
10619,0.264497182021159
10620,0.399479966794546
10621,0.320421483035634
10622,0.506753510447008
10623,0.412087173169247
10624,0.200851875120831
10625,0.380849415183035
10626,0.37737351036928
10627,0.191597316005004
10628,0.383903659249201
10629,0.354621965343984
10630,0.211063185563283
10631,0.418473880877953
10632,0.250418349990484
10633,0.463874263056061
10634,0.370703036236934
10635,0.437601863932006
10636,0.483534342120787
10637,0.175659722363671
10638,0.228510972180587
10639,0.355310168290564
10640,0.482177598619084
10641,0.377182231984501
10642,0.461606319051017
10643,0.242300279102683
10644,0.327397259366701
10645,0.493638894041739
10646,0.242494939996953
10647,0.494229311654463
10648,0.632163120997115
10649,0.565962962196966
10650,0.596199037305755
10651,0.214967774801638
10652,0.246694973207129
10653,0.340885704699788
10654,0.525697878897349
10655,0.337812187636135
10656,0.237848868574414
10657,0.307616791970781
10658,0.204855008258211
10659,0.226498222410995
10660,0.508583528827514
10661,0.596850946286033
10662,0.45698833627792
10663,0.483943689279284
10664,0.469666858673198
10665,0.680082051739808
10666,0.425803886764669
10667,0.553681660828654
10668,0.5696894835589
10669,0.496393307212726
10670,0.407640341891981
10671,0.619435838238206
10672,0.527831385444572
10673,0.572467855629571
10674,0.5299088446017
10675,0.321521102856884
10676,0.319916269068845
10677,0.414595901899176
10678,0.448014777073511
10679,0.417513504960019
10680,0.33008208672112
10681,0.516012682578639
10682,0.224778328128395
10683,0.316312217566567
10684,0.527241066634337
10685,0.281846918228913
10686,0.454952954663488
10687,0.224185761453741
10688,0.307040584152752
10689,0.45348846886505
10690,0.502787004065626
10691,0.40514496906189
10692,0.623035672198689
10693,0.635414428471383
10694,0.578864488280566
10695,0.352220987588331
10696,0.3325602432895
10697,0.443398545572841
10698,0.378017178494597
10699,0.254528022409542
10700,0.425447483676093
10701,0.365650532051176
10702,0.409136858562643
10703,0.305240746137383
10704,0.234078617702971
10705,0.344755551235604
10706,0.147111058139061
10707,0.283045560720764
10708,0.221435580582127
10709,0.403207306028218
10710,0.268140578365914
10711,0.261541230604011
10712,0.292822179820126
10713,0.297420200602675
10714,0.155381670809039
10715,0.174430610349165
10716,0.264606766934795
10717,0.161336872574333
10718,0.233835836379575
10719,0.262881663350665
10720,0.246677196874972
10721,0.276855555211509
10722,0.344658349354759
10723,0.300713753243337
10724,0.134006447357233
10725,0.321652125190055
10726,0.176991898399524
10727,0.315921848917789
10728,0.147068962936271
10729,0.423996971698327
10730,0.183414818726161
10731,0.3271452650466
10732,0.253995801501339
10733,0.343457421496843
10734,0.241540613795399
10735,0.171199761169031
10736,0.242753079612252
10737,0.311053086024957
10738,0.152606524177079
10739,0.384361772756125
10740,0.177354425678966
10741,0.211623469841873
10742,0.184925929356311
10743,0.210279779407837
10744,0.360271301109571
10745,0.182643455645613
10746,0.235955580135656
10747,0.266150862896849
10748,0.290205486770213
10749,0.233880844838386
10750,0.494642997003239
10751,0.205084674891385
10752,0.158359758324264
10753,0.294791075392738
10754,0.200764329916602
10755,0.277037906868323
10756,0.41309920123545
10757,0.375514798548148
10758,0.153464382189299
10759,0.22570767974706
10760,0.228117281627778
10761,0.300157409620348
10762,0.229306166023287
10763,0.348076235769909
10764,0.293926949866619
10765,0.270704804267034
10766,0.291615514252843
10767,0.405269807785984
10768,0.269520467569062
10769,0.400455468890975
10770,0.33406788221694
10771,0.342211696695481
10772,0.317128481136623
10773,0.294233461398925
10774,0.143143393009191
10775,0.381929223964604
10776,0.165366015210343
10777,0.177915967254498
10778,0.168599477357784
10779,0.303797040656963
10780,0.276132493916396
10781,0.202467296511104
10782,0.303715832382545
10783,0.475482513671592
10784,0.331301531041841
10785,0.206154048395999
10786,0.307544915686243
10787,0.141364904608713
10788,0.40755738959568
10789,0.250984462017314
10790,0.213958925912206
10791,0.274897196784067
10792,0.326252522438835
10793,0.387639705137008
10794,0.325922648758499
10795,0.1382114518724
10796,0.254231342849474
10797,0.488135814895165
10798,0.406344897893404
10799,0.554843767788671
10800,0.510058866263695
10801,0.489265064280979
10802,0.435715526930835
10803,0.520405700911577
10804,0.470553724360637
10805,0.572002182955637
10806,0.529125666552142
10807,0.473230805809911
10808,0.491147024622556
10809,0.554456989584791
10810,0.498295091718391
10811,0.456395294895474
10812,0.361490882524514
10813,0.400251926935991
10814,0.392620882124872
10815,0.414898335110292
10816,0.470379115939249
10817,0.437751896692994
10818,0.300913356942582
10819,0.314880755146721
10820,0.216251828257963
10821,0.407314061133192
10822,0.553817388403502
10823,0.440944854565634
10824,0.203682364559174
10825,0.384331670814048
10826,0.236099648293193
10827,0.287020581791423
10828,0.277940594965083
10829,0.356564237571714
10830,0.253771300825067
10831,0.289741089584404
10832,0.305832163585081
10833,0.378611612960944
10834,0.176673216290037
10835,0.464313476630744
10836,0.258966632506144
10837,0.225912354361586
10838,0.326361750001335
10839,0.417355827571606
10840,0.512745633537849
10841,0.558915858761995
10842,0.325042152800452
10843,0.137296021032222
10844,0.371915617272972
10845,0.31277955153908
10846,0.248642122563621
10847,0.239728828920135
10848,0.353592421832325
10849,0.387148484512757
10850,0.319158089909916
10851,0.386370787041767
10852,0.38170977676547
10853,0.143110116980113
10854,0.307369720110548
10855,0.172475098570675
10856,0.33337379553435
10857,0.115875415629794
10858,0.358174492941812
10859,0.527407623011107
10860,0.459345108448091
10861,0.185206384082829
10862,0.501324780876596
10863,0.186196006576991
10864,0.339126498669277
10865,0.313622453292185
10866,0.325947418955152
10867,0.280217186445144
10868,0.250956270007726
10869,0.29191657580465
10870,0.516552281749635
10871,0.475206971190906
10872,0.264705746036008
10873,0.373526928981789
10874,0.369108313718505
10875,0.441878014592745
10876,0.43904713114633
10877,0.372617355201346
10878,0.276139098818939
10879,0.270541442275993
10880,0.170227806188815
10881,0.396088878899649
10882,0.422049858700186
10883,0.314480240485472
10884,0.302242955320923
10885,0.256476537782902
10886,0.28831465706581
10887,0.298373940375464
10888,0.402238564474947
10889,0.242537185456996
10890,0.144409076328714
10891,0.344290968353109
10892,0.370066917747881
10893,0.22528819388978
10894,0.329078467651746
10895,0.39383715733225
10896,0.163562450809712
10897,0.417449820690759
10898,0.233327973635679
10899,0.327361643160296
10900,0.495645630699706
10901,0.190545128041517
10902,0.269579269774197
10903,0.219602158316791
10904,0.218508676456562
10905,0.334757775307233
10906,0.494766126009378
10907,0.385398435878862
10908,0.467035995995673
10909,0.376847273519031
10910,0.244850922151978
10911,0.368454178121139
10912,0.634408149062834
10913,0.346389531421889
10914,0.451668976874501
10915,0.332403470160248
10916,0.578160038624337
10917,0.303347450373151
10918,0.288016554297313
10919,0.180718210191898
10920,0.267492539438783
10921,0.240377426511394
10922,0.319726125070971
10923,0.310137012740072
10924,0.138732261234887
10925,0.260593150307889
10926,0.277047824798393
10927,0.1398150470379
10928,0.159249147211694
10929,0.312959549015725
10930,0.211765230153858
10931,0.184421871506511
10932,0.220542583513486
10933,0.257729589319035
10934,0.402828736370231
10935,0.603474784010935
10936,0.440730749091458
10937,0.587236837991787
10938,0.417265812845298
10939,0.55322631217064
10940,0.4351064148196
10941,0.524029336933231
10942,0.521421745586352
10943,0.369152012427654
10944,0.568994767509838
10945,0.444483859153008
10946,0.431787609143683
10947,0.633110458909619
10948,0.52001919274749
10949,0.367771987008292
10950,0.458517847894837
10951,0.550002972016784
10952,0.403449024822626
10953,0.523254295704126
10954,0.456099932554854
10955,0.455587018722866
10956,0.387254195529972
10957,0.299072817048627
10958,0.256175294171741
10959,0.400820549821709
10960,0.513231192705422
10961,0.286262933016799
10962,0.352840674844518
10963,0.302281043651465
10964,0.554914352929943
10965,0.404447194974696
10966,0.370768814623824
10967,0.277865116441498
10968,0.371859197113051
10969,0.376265382660866
10970,0.440913313794052
10971,0.469044938637384
10972,0.356466763173232
10973,0.457258463085228
10974,0.341598181187152
10975,0.302270167727985
10976,0.360695684772987
10977,0.560435981162587
10978,0.177617866356303
10979,0.306539013820997
10980,0.245237956327901
10981,0.207330781711939
10982,0.206481480367786
10983,0.40099083055359
10984,0.25909328152841
10985,0.398460935495078
10986,0.263352652585221
10987,0.2604591116506
10988,0.169793935640869
10989,0.236260662611908
10990,0.28350400228423
10991,0.147793334896172
10992,0.282217696902073
10993,0.321326377860896
10994,0.214682964112332
10995,0.360609024812796
10996,0.30574777949142
10997,0.132727258833403
10998,0.219435679224253
10999,0.434594360308135
